family_id,family,support,accuracy,macro_f1_within_family
0,bitmap,61654,0.863415187984559,0.10050822228438477
1,raw_image,113019,0.9856130385156479,0.19455342042035845
2,vector,30655,0.8877507747512641,0.052478976336502836
3,video,71435,0.7932526072653461,0.12450755010222762
4,archive,132978,0.4496006858277309,0.09519005391062338
5,executable,40798,0.7382959949017108,0.049961692642487794
6,office,71718,0.7764717365236063,0.09290027513717415
7,publication,41152,0.6082571928460342,0.052373278644103106
8,human_readable,92238,0.9892777380255426,0.22346554522261508
9,audio,71609,0.9803655965032329,0.13305829522515256
10,other,40744,0.987237384645592,0.08109621343989626
