class_id,class_name,precision,recall,f1-score,support,family
0,jpg,0.8874326082915039,0.9305068226120857,0.9084594157388904,10260.0,bitmap
1,arw,0.9944794952681388,0.9886319090552724,0.9915470807941813,10204.0,raw_image
2,cr2,0.9791504286827748,0.9730828814872192,0.9761072261072261,10328.0,raw_image
3,dng,0.9770249221183801,0.9833431314912796,0.9801738451020607,10206.0,raw_image
4,gpr,0.9990155542429612,0.9993106843919252,0.9991630975237532,10155.0,raw_image
5,nef,0.9805469953775039,0.9749138261202605,0.9777222969080085,10444.0,raw_image
6,nrw,0.9857932875667429,0.988526627784683,0.9871580655941185,10459.0,raw_image
7,orf,0.979421852033317,0.9854086562161096,0.9824061332809121,10143.0,raw_image
8,pef,0.9899068322981367,0.9938614440222158,0.9918801964311762,10263.0,raw_image
9,raf,0.98780127889818,0.9745705134426866,0.981141293726793,10303.0,raw_image
10,rw2,0.9919259551004332,0.9814886983632112,0.9866797257590597,10264.0,raw_image
11,3fr,0.9958183409510843,0.9990243902439024,0.9974187892660595,10250.0,raw_image
12,tiff,0.9846063339543093,0.9911172522700356,0.9878510648762973,10132.0,bitmap
13,heic,0.1343249601578508,0.34342258440046564,0.19311548742567236,10308.0,bitmap
14,bmp,0.9780680842948413,0.9968898823986782,0.9873892953407778,10289.0,bitmap
15,gif,0.9938122401624288,0.9990280882495869,0.9964133385032958,10289.0,bitmap
16,png,0.909678646130443,0.9221279876638396,0.9158610127309276,10376.0,bitmap
17,ai,0.6814159292035398,0.7175085826385483,0.6989966555183946,10195.0,vector
18,eps,0.9853184248906174,0.9801721636521907,0.9827385570209465,10339.0,vector
19,psd,0.9936908517350158,0.9648256101175773,0.979045518347704,10121.0,vector
20,mov,0.14663107144280194,0.36067823189258064,0.2084985835694051,10203.0,video
21,mp4,0.954557157569516,0.7305418719211823,0.8276593369795736,10150.0,video
22,3gp,0.9896237393328161,0.9895277804712499,0.9895757575757576,10313.0,video
23,avi,0.996550732969244,0.6811394891944991,0.8091959388493406,10180.0,video
24,mkv,0.9944128602234856,0.9920790142773322,0.9932445662815743,10226.0,video
25,ogv,0.9687652513421181,0.9756217438317114,0.9721814085610736,10173.0,video
26,webm,0.8630405614614511,0.8206084396467125,0.8412898033100257,10190.0,video
27,apk,0.673992673992674,0.631806141469636,0.6522179461211262,10193.0,archive
28,jar,0.9349277649629719,0.7604423817517527,0.8387061642343716,10127.0,archive
29,msi,0.6792470949774321,0.6860329776915616,0.68262317232061,10310.0,archive
30,dmg,0.3417384173841738,0.32526829268292684,0.3333000099970009,10250.0,archive
31,7z,0.11946267432321575,0.11437266836834871,0.11686227304644398,10186.0,archive
32,bz2,0.8903411608329641,0.7876531112199902,0.8358550408152654,10205.0,archive
33,deb,0.18021201413427562,0.025041736227045076,0.04397309881013968,10183.0,archive
34,gz,0.5791759741871432,0.46016564780122265,0.5128571428571429,10142.0,archive
35,pkg,0.4650782845473111,0.6641392048216195,0.5470632982343756,10287.0,archive
36,rar,0.31209175148108764,0.400838942542191,0.3509416236067814,10251.0,archive
37,rpm,0.49081732791251925,0.34033245844269466,0.40195177956371986,10287.0,archive
38,xz,0.12582236842105263,0.07531010041346722,0.09422342653036088,10158.0,archive
39,zip,0.5878781847133758,0.5680353880180786,0.5777864723431311,10399.0,archive
40,exe,0.2195059186824498,0.08438025521812247,0.12190067881386209,10109.0,executable
41,mach-o,0.987403494514425,0.9652432969215492,0.9761976498945466,10070.0,executable
42,elf,0.9695976154992548,0.9351284016864699,0.9520511194575875,10436.0,executable
43,dll,0.869283367374123,0.9613080624570363,0.912982652490207,10183.0,executable
44,doc,0.9450903761602345,0.941777821049557,0.9434311908709646,10271.0,office
45,docx,0.5621915103652517,0.6644628099173554,0.6090637672117998,10285.0,office
46,key,0.7632238307349666,0.5400374273613711,0.6325200438368807,10153.0,office
47,ppt,0.6554041780199819,0.6972654362740361,0.6756870640011237,10349.0,office
48,pptx,0.5714285714285714,0.6185206755969714,0.5940427912180115,10302.0,office
49,xls,0.9964573902775045,0.9961633054599115,0.9963103261671669,10165.0,office
50,xlsx,0.9757599452643926,0.9793976258216422,0.977575401488445,10193.0,office
51,djvu,0.44938858695652173,0.38923212709620475,0.4171527668295759,10197.0,publication
52,epub,0.5790172642762285,0.7566525260316236,0.6560227367717127,10372.0,publication
53,mobi,0.9983191104215153,0.7438342967244701,0.8524897869051562,10380.0,publication
54,pdf,0.8255184851217313,0.5383710673331373,0.6517173874354868,10203.0,publication
55,md,0.9946524064171123,0.9964932787843367,0.9955719916305776,10266.0,human_readable
56,rtf,0.9997087378640777,0.9988359685711514,0.999272162647387,10309.0,human_readable
57,txt,0.9799671255393466,0.9288218111002922,0.9537092581483704,10270.0,human_readable
58,tex,0.9953980221286596,0.9870861248664919,0.9912246489859594,10299.0,human_readable
59,json,0.9989273525109703,0.9986352115422109,0.9987812606639692,10258.0,human_readable
60,html,0.9964598288917298,0.9963618485742379,0.996410836324303,10170.0,human_readable
61,xml,0.9998999499749875,0.9998999499749875,0.9998999499749875,9995.0,human_readable
62,log,1.0,0.9992296581608089,0.9996146806666024,10385.0,human_readable
63,csv,0.998541423570595,0.9983472681314408,0.9984443364122508,10286.0,human_readable
64,aiff,0.9982365043597531,0.9919197819314641,0.9950681185604766,10272.0,audio
65,flac,0.9152212225211019,0.9617896481138513,0.9379277566539924,10259.0,audio
66,m4a,0.9371947646024614,0.9533035270740189,0.9451805151947988,10065.0,audio
67,mp3,0.988233024691358,0.9904301594973417,0.9893303722300005,10345.0,audio
68,ogg,0.9823714792200118,0.9744065644231709,0.9783728115345005,10237.0,audio
69,wav,0.9940933254577673,0.9909715407262022,0.9925299783762532,10190.0,audio
70,wma,1.0,0.9992188262864955,0.9996092605255446,10241.0,audio
71,pcap,0.9963984358921589,0.9613780778395552,0.9785750378979282,10072.0,other
72,ttf,0.9958081497367908,0.9972664258518013,0.996536754304668,10243.0,other
73,dwg,0.9951647917900138,0.9904733844038499,0.9928135459736168,10182.0,other
74,sqlite,0.9992194360425407,0.9994144627695911,0.9993169398907104,10247.0,other
