bin_left,bin_right,count,mean_confidence,accuracy
0.0,0.05,0,,
0.05,0.1,1020,0.09474217891693115,0.10294117647058823
0.1,0.15000000000000002,77104,0.12674887478351593,0.12623210209587052
0.15000000000000002,0.2,10304,0.17071957886219025,0.1641110248447205
0.2,0.25,9285,0.22655479609966278,0.20850834679590738
0.25,0.30000000000000004,9147,0.2754631042480469,0.2586640428555811
0.30000000000000004,0.35000000000000003,9724,0.32520121335983276,0.3002879473467709
0.35000000000000003,0.4,9980,0.37507200241088867,0.34468937875751504
0.4,0.45,10489,0.4253116250038147,0.39813137572695206
0.45,0.5,10791,0.4755631685256958,0.450004633490872
0.5,0.55,13128,0.5244092345237732,0.4942108470444851
0.55,0.6000000000000001,11353,0.5742727518081665,0.5364220910772483
0.6000000000000001,0.65,10345,0.6246750354766846,0.6049299178347027
0.65,0.7000000000000001,9540,0.6746114492416382,0.640146750524109
0.7000000000000001,0.75,9813,0.7241808772087097,0.6905125853459696
0.75,0.8,9523,0.7751894593238831,0.7402079176730022
0.8,0.8500000000000001,8320,0.8240278363227844,0.7887019230769231
0.8500000000000001,0.9,8777,0.8760520815849304,0.8482397174433177
0.9,0.9500000000000001,13594,0.9278815984725952,0.9108430189789614
0.9500000000000001,1.0,525763,0.9962684512138367,0.9974608331130186
