true_class,true_name,predicted_class,predicted_name,count,fraction_of_true_class
31,7z,13,heic,3158,0.31003337914785
38,xz,13,heic,2956,0.2910021657806655
31,7z,20,mov,2831,0.2779304928333006
38,xz,20,mov,2770,0.27269147469974403
46,key,48,pptx,2701,0.26602974490298437
33,deb,13,heic,2657,0.2609250711970932
40,exe,13,heic,2631,0.2602631318626966
13,heic,20,mov,2624,0.25455956538610786
20,mov,13,heic,2505,0.24551602469861805
40,exe,20,mov,2350,0.23246611929963398
33,deb,20,mov,2339,0.22969655307866052
51,djvu,13,heic,2224,0.2181033637344317
36,rar,39,zip,2116,0.20641888596234514
53,mobi,52,epub,1857,0.17890173410404625
34,gz,37,rpm,1743,0.17185959376848747
51,djvu,20,mov,1667,0.16347945474159067
45,docx,52,epub,1485,0.1443850267379679
52,epub,45,docx,1319,0.1271693019668338
34,gz,35,pkg,1255,0.1237428515085782
30,dmg,35,pkg,1229,0.11990243902439024
38,xz,31,7z,1190,0.11714904508761567
32,bz2,30,dmg,1188,0.11641352278294953
37,rpm,13,heic,1174,0.11412462331097502
20,mov,31,7z,1129,0.1106537292953053
13,heic,31,7z,1112,0.10787737679472255
27,apk,35,pkg,1056,0.10360051015402727
39,zip,36,rar,1048,0.10077892105010097
23,avi,20,mov,1044,0.10255402750491159
30,dmg,13,heic,1011,0.09863414634146342
37,rpm,20,mov,1004,0.09759891124720521
33,deb,31,7z,992,0.09741726406756358
40,exe,31,7z,962,0.09516272628350975
48,pptx,46,key,930,0.09027373325567851
30,dmg,20,mov,902,0.088
54,pdf,13,heic,878,0.08605312163089288
48,pptx,47,ppt,854,0.0828965249466123
37,rpm,35,pkg,851,0.08272577038981238
45,docx,36,rar,834,0.0810889645114244
36,rar,20,mov,819,0.07989464442493416
23,avi,13,heic,811,0.07966601178781925
30,dmg,32,bz2,799,0.07795121951219512
46,key,47,ppt,772,0.07603663941692111
47,ppt,48,pptx,719,0.06947531162431153
54,pdf,20,mov,715,0.07007742820738998
31,7z,38,xz,715,0.07019438444924406
21,mp4,13,heic,712,0.07014778325123153
13,heic,38,xz,691,0.06703531237873496
21,mp4,20,mov,678,0.06679802955665025
35,pkg,34,gz,675,0.06561679790026247
28,jar,37,rpm,653,0.0644810901550311
36,rar,45,docx,648,0.06321334503950835
20,mov,38,xz,645,0.06321670097030285
51,djvu,31,7z,637,0.06246935373148965
33,deb,38,xz,592,0.058136109201610525
29,msi,36,rar,591,0.05732298739088264
40,exe,38,xz,588,0.058165990701355225
13,heic,51,djvu,571,0.05539386883973613
38,xz,51,djvu,560,0.05512896239417208
20,mov,36,rar,556,0.05449377634029207
26,webm,13,heic,551,0.05407262021589794
35,pkg,27,apk,550,0.053465539029843495
30,dmg,31,7z,532,0.05190243902439024
28,jar,35,pkg,523,0.051644119680063195
20,mov,51,djvu,521,0.051063412721748504
31,7z,51,djvu,517,0.05075593952483801
31,7z,30,dmg,515,0.050559591596308656
37,rpm,34,gz,508,0.04938271604938271
33,deb,36,rar,505,0.049592458018265735
51,djvu,38,xz,499,0.04893596155732078
40,exe,36,rar,496,0.04906518943515679
13,heic,30,dmg,489,0.047438882421420255
30,dmg,36,rar,482,0.04702439024390244
38,xz,36,rar,477,0.04695806261075015
38,xz,30,dmg,477,0.04695806261075015
31,7z,36,rar,467,0.04584724131160416
17,ai,35,pkg,465,0.045610593428151054
33,deb,51,djvu,463,0.04546793675734066
33,deb,30,dmg,456,0.04478051654718649
20,mov,30,dmg,454,0.044496716651965106
40,exe,30,dmg,454,0.04491047581363142
37,rpm,36,rar,445,0.043258481578691554
40,exe,51,djvu,440,0.04352557127312296
37,rpm,31,7z,438,0.04257801108194809
13,heic,36,rar,437,0.042394256887854094
39,zip,66,m4a,436,0.041927108375805364
28,jar,34,gz,411,0.04058457588624469
26,webm,20,mov,403,0.03954857703631011
31,7z,40,exe,393,0.03858236795601806
37,rpm,30,dmg,391,0.03800913774667056
13,heic,40,exe,389,0.03773767947225456
34,gz,36,rar,378,0.03727075527509367
39,zip,45,docx,369,0.03548418117126647
33,deb,35,pkg,360,0.035353039379357756
36,rar,29,msi,359,0.035020973563554776
54,pdf,17,ai,359,0.03518572968734686
38,xz,40,exe,356,0.03504626895058082
29,msi,35,pkg,343,0.03326867119301649
54,pdf,31,7z,340,0.03332353229442321
37,rpm,27,apk,336,0.032662583843686206
17,ai,52,epub,328,0.032172633643943106
36,rar,13,heic,325,0.031704223978148476
33,deb,40,exe,317,0.0311303152312678
34,gz,27,apk,315,0.031058962729244726
27,apk,47,ppt,312,0.03060924163641715
39,zip,35,pkg,309,0.029714395614962977
20,mov,40,exe,305,0.02989316867587964
27,apk,34,gz,299,0.0293338565682331
17,ai,45,docx,298,0.029230014713094655
17,ai,29,msi,295,0.02893575282000981
23,avi,31,7z,293,0.028781925343811396
53,mobi,45,docx,292,0.02813102119460501
37,rpm,38,xz,284,0.027607660153591913
21,mp4,51,djvu,282,0.027783251231527094
30,dmg,27,apk,280,0.027317073170731707
35,pkg,30,dmg,276,0.026829979585885098
51,djvu,36,rar,273,0.026772580170638424
35,pkg,29,msi,267,0.025955088947214933
54,pdf,47,ppt,266,0.0260707635009311
26,webm,51,djvu,265,0.026005888125613347
48,pptx,17,ai,259,0.02514074936905455
35,pkg,17,ai,254,0.024691358024691357
23,avi,51,djvu,252,0.02475442043222004
36,rar,30,dmg,247,0.02409521022339284
19,psd,17,ai,242,0.02391068076277048
54,pdf,36,rar,242,0.023718514162501224
54,pdf,38,xz,239,0.02342448299519749
21,mp4,31,7z,238,0.023448275862068966
51,djvu,40,exe,238,0.023340198097479652
47,ppt,27,apk,237,0.022900763358778626
51,djvu,30,dmg,234,0.02294792586054722
35,pkg,52,epub,233,0.02264994653446097
34,gz,45,docx,227,0.02238217314139223
48,pptx,27,apk,227,0.022034556396816153
47,ppt,46,key,227,0.021934486423809064
30,dmg,38,xz,224,0.021853658536585364
57,txt,45,docx,223,0.021713729308666017
34,gz,17,ai,220,0.021691973969631236
42,elf,43,dll,219,0.020985051743963205
32,bz2,13,heic,219,0.021460068593826556
30,dmg,34,gz,219,0.021365853658536587
29,msi,45,docx,218,0.02114451988360815
47,ppt,0,jpg,217,0.0209682094888395
23,avi,38,xz,216,0.021218074656188603
47,ppt,35,pkg,212,0.02048507102135472
40,exe,35,pkg,210,0.02077356810762687
30,dmg,29,msi,208,0.02029268292682927
17,ai,36,rar,208,0.02040215792054929
35,pkg,45,docx,207,0.020122484689413824
37,rpm,51,djvu,205,0.01992806454748712
34,gz,29,msi,199,0.019621376454348256
34,gz,28,jar,197,0.01942417669098797
29,msi,17,ai,197,0.019107662463627547
39,zip,20,mov,195,0.018751803057986346
68,ogg,65,flac,193,0.01885317964247338
47,ppt,54,pdf,192,0.018552517151415596
39,zip,29,msi,191,0.01836715068756611
18,eps,17,ai,191,0.018473740206983266
48,pptx,0,jpg,188,0.0182488837119006
36,rar,31,7z,187,0.01824212271973466
35,pkg,36,rar,187,0.018178283270146787
45,docx,39,zip,186,0.01808458920758386
0,jpg,47,ppt,185,0.018031189083820662
34,gz,39,zip,183,0.018043778347465983
52,epub,17,ai,181,0.017450829155418433
39,zip,13,heic,181,0.01740551976151553
39,zip,52,epub,181,0.01740551976151553
37,rpm,29,msi,180,0.017497812773403325
27,apk,48,pptx,177,0.017364858236044344
45,docx,20,mov,177,0.017209528439474965
48,pptx,36,rar,177,0.01718112987769365
47,ppt,17,ai,173,0.01671659097497343
21,mp4,38,xz,170,0.016748768472906402
28,jar,36,rar,170,0.016786807544188802
46,key,27,apk,168,0.0165468334482419
52,epub,35,pkg,168,0.01619745468569225
36,rar,37,rpm,168,0.016388645010242904
57,txt,52,epub,167,0.01626095423563778
33,deb,45,docx,167,0.016399882156535404
39,zip,34,gz,166,0.015963073372439657
54,pdf,51,djvu,165,0.016171714201705382
34,gz,30,dmg,161,0.01587458095050286
47,ppt,39,zip,159,0.01536380326601604
17,ai,16,png,159,0.015595880333496813
39,zip,47,ppt,157,0.015097605538994134
47,ppt,16,png,155,0.014977292492028215
45,docx,17,ai,155,0.015070491006319884
0,jpg,48,pptx,155,0.015107212475633527
33,deb,34,gz,154,0.015123244623391928
54,pdf,16,png,154,0.01509359992159169
29,msi,20,mov,152,0.014742967992240542
29,msi,52,epub,151,0.014645974781765277
35,pkg,39,zip,150,0.014581510644502771
30,dmg,51,djvu,150,0.014634146341463415
37,rpm,40,exe,150,0.014581510644502771
17,ai,34,gz,150,0.014713094654242276
23,avi,36,rar,149,0.014636542239685657
53,mobi,43,dll,148,0.014258188824662813
27,apk,36,rar,147,0.014421661924850388
29,msi,13,heic,146,0.014161008729388943
37,rpm,45,docx,144,0.01399825021872266
40,exe,29,msi,143,0.014145810663764961
48,pptx,16,png,143,0.013880799844690352
29,msi,37,rpm,141,0.013676042677012609
35,pkg,37,rpm,141,0.013706620005832604
52,epub,36,rar,140,0.01349787890474354
54,pdf,48,pptx,140,0.013721454474174263
27,apk,54,pdf,139,0.013636809575198666
27,apk,29,msi,138,0.0135387030314922
54,pdf,30,dmg,138,0.013525433695971773
51,djvu,26,webm,137,0.013435324114935766
26,webm,31,7z,137,0.013444553483807655
39,zip,17,ai,135,0.012982017501682853
29,msi,34,gz,131,0.012706110572259942
13,heic,33,deb,130,0.012611563833915405
58,tex,57,txt,129,0.012525487911447713
27,apk,39,zip,128,0.012557637594427549
36,rar,52,epub,127,0.012389035216076481
36,rar,35,pkg,127,0.012389035216076481
44,doc,47,ppt,126,0.012267549410962905
29,msi,30,dmg,123,0.011930164888457807
16,png,48,pptx,123,0.011854279105628373
17,ai,18,eps,123,0.012064737616478666
26,webm,38,xz,123,0.012070657507360158
39,zip,7,orf,122,0.011731897297817097
48,pptx,39,zip,122,0.011842360706658901
30,dmg,40,exe,122,0.011902439024390244
66,m4a,20,mov,121,0.012021857923497269
23,avi,30,dmg,121,0.011886051080550098
27,apk,17,ai,121,0.011870891788482291
31,7z,33,deb,121,0.011879049676025918
37,rpm,17,ai,120,0.011665208515602217
27,apk,30,dmg,120,0.011772785244775827
34,gz,52,epub,119,0.011733385919936896
40,exe,43,dll,119,0.011771688594321891
29,msi,39,zip,118,0.011445198836081475
43,dll,42,elf,117,0.01148973779829127
33,deb,29,msi,116,0.011391534911126388
36,rar,40,exe,116,0.011315969173739147
36,rar,47,ppt,116,0.011315969173739147
38,xz,33,deb,115,0.011321126205946053
0,jpg,54,pdf,115,0.011208576998050682
21,mp4,36,rar,114,0.01123152709359606
29,msi,26,webm,114,0.011057225994180407
9,raf,65,flac,113,0.010967679316703872
48,pptx,54,pdf,113,0.01096874393321685
41,mach-o,43,dll,111,0.01102284011916584
48,pptx,29,msi,111,0.010774606872451952
66,m4a,39,zip,110,0.01092896174863388
28,jar,29,msi,110,0.01086205194035746
45,docx,35,pkg,110,0.0106951871657754
17,ai,48,pptx,110,0.010789602746444336
48,pptx,45,docx,110,0.010677538342069502
16,png,47,ppt,109,0.010505011565150347
16,png,39,zip,109,0.010505011565150347
40,exe,45,docx,109,0.010782471065387279
21,mp4,66,m4a,108,0.01064039408866995
17,ai,39,zip,108,0.010593428151054438
30,dmg,45,docx,107,0.010439024390243903
33,deb,37,rpm,107,0.010507708926642443
29,msi,47,ppt,107,0.01037827352085354
47,ppt,29,msi,107,0.010339163204174317
32,bz2,20,mov,105,0.0102890739833415
36,rar,65,flac,104,0.010145351673007511
37,rpm,39,zip,104,0.010109847380188587
30,dmg,26,webm,103,0.010048780487804878
13,heic,26,webm,103,0.009992239037640667
32,bz2,51,djvu,102,0.009995100440960313
36,rar,38,xz,102,0.009950248756218905
23,avi,40,exe,102,0.010019646365422397
48,pptx,35,pkg,102,0.009900990099009901
54,pdf,0,jpg,101,0.009899049299225717
40,exe,27,apk,101,0.009991097042239588
33,deb,39,zip,100,0.009820288716488264
20,mov,33,deb,100,0.009801038910124474
17,ai,47,ppt,100,0.00980872976949485
27,apk,45,docx,99,0.009712547826940057
57,txt,43,dll,99,0.009639727361246348
54,pdf,27,apk,98,0.009605018131921984
28,jar,17,ai,98,0.009677100819591191
46,key,0,jpg,98,0.00965231951147444
10,rw2,0,jpg,98,0.009547934528448947
27,apk,46,key,98,0.009614441283233592
5,nef,0,jpg,98,0.00938337801608579
47,ppt,45,docx,97,0.009372886269204754
38,xz,26,webm,97,0.009549123843276235
54,pdf,35,pkg,97,0.009507007742820739
36,rar,34,gz,97,0.00946249146424739
54,pdf,40,exe,96,0.009408997353719493
39,zip,27,apk,96,0.009231656890085585
21,mp4,30,dmg,95,0.00935960591133005
34,gz,47,ppt,95,0.009366988759613488
30,dmg,37,rpm,95,0.009268292682926829
25,ogv,68,ogg,95,0.00933844490317507
40,exe,33,deb,95,0.00939756652487882
39,zip,30,dmg,94,0.009039330704875469
45,docx,29,msi,94,0.009139523578026252
39,zip,54,pdf,93,0.00894316761227041
32,bz2,26,webm,93,0.009113179813816756
28,jar,27,apk,92,0.009084625259208058
37,rpm,52,epub,92,0.008943326528628366
33,deb,26,webm,92,0.009034665619169203
29,msi,27,apk,91,0.008826382153249273
52,epub,13,heic,90,0.008677207867335134
26,webm,36,rar,90,0.008832188420019628
39,zip,37,rpm,89,0.008558515241850178
27,apk,52,epub,88,0.00863337584616894
27,apk,37,rpm,87,0.008535269302462475
46,key,35,pkg,86,0.00847040283660002
47,ppt,34,gz,84,0.008116726253744324
46,key,54,pdf,84,0.00827341672412095
48,pptx,34,gz,84,0.008153756552125802
36,rar,17,ai,84,0.008194322505121452
48,pptx,52,epub,83,0.008056688021743351
31,7z,45,docx,83,0.008148439033968191
38,xz,45,docx,83,0.008170899783421934
29,msi,43,dll,82,0.007953443258971873
46,key,17,ai,82,0.008076430611641879
47,ppt,44,doc,82,0.007923470866750411
37,rpm,28,jar,82,0.007971225818994848
35,pkg,28,jar,81,0.007874015748031496
52,epub,29,msi,79,0.007616660239105283
47,ppt,36,rar,79,0.007633587786259542
27,apk,44,doc,79,0.007750416952810753
64,aiff,43,dll,79,0.007690809968847352
20,mov,45,docx,77,0.007546799960795845
23,avi,43,dll,77,0.00756385068762279
33,deb,67,mp3,77,0.007561622311695964
27,apk,0,jpg,77,0.007554203865397822
16,png,27,apk,76,0.007324595219737857
31,7z,26,webm,76,0.007461221284115452
41,mach-o,42,elf,76,0.007547169811320755
21,mp4,26,webm,76,0.00748768472906404
54,pdf,34,gz,75,0.0073507791825933545
44,doc,27,apk,75,0.007302112744620777
33,deb,52,epub,74,0.007267013650201316
39,zip,48,pptx,74,0.007116068852774305
29,msi,65,flac,73,0.007080504364694471
51,djvu,33,deb,73,0.007158968324016868
13,heic,45,docx,72,0.006984866123399301
66,m4a,13,heic,72,0.007153502235469449
34,gz,20,mov,72,0.007099191480970223
54,pdf,52,epub,71,0.006958737626188376
66,m4a,51,djvu,71,0.007054148037754595
17,ai,27,apk,70,0.006866110838646395
20,mov,26,webm,70,0.006860727237087132
40,exe,37,rpm,70,0.006924522702542289
36,rar,51,djvu,70,0.00682860208760121
35,pkg,47,ppt,70,0.006804704967434626
65,flac,36,rar,70,0.006823277122526562
16,png,17,ai,69,0.006649961449498844
17,ai,65,flac,69,0.006768023540951447
71,pcap,43,dll,68,0.006751389992057188
40,exe,26,webm,68,0.0067266791967553665
65,flac,9,raf,68,0.006628326347597232
46,key,16,png,68,0.0066975278242883875
40,exe,47,ppt,67,0.006627757443861905
69,wav,43,dll,67,0.006575073601570167
30,dmg,52,epub,67,0.006536585365853658
39,zip,0,jpg,67,0.006442927204538898
36,rar,27,apk,66,0.006438396254023998
52,epub,65,flac,66,0.0063632857693790975
42,elf,13,heic,66,0.006324262169413568
48,pptx,14,bmp,65,0.006309454474859251
32,bz2,29,msi,65,0.006369426751592357
32,bz2,36,rar,65,0.006369426751592357
17,ai,54,pdf,64,0.006277587052476705
21,mp4,40,exe,64,0.006305418719211823
33,deb,17,ai,64,0.006284984778552489
57,txt,36,rar,64,0.0062317429406037
37,rpm,33,deb,63,0.006124234470691163
42,elf,20,mov,62,0.005940973553085474
48,pptx,44,doc,62,0.006018248883711901
38,xz,52,epub,61,0.006005119117936602
27,apk,28,jar,61,0.005984499166094379
54,pdf,39,zip,60,0.005880623346074684
46,key,52,epub,60,0.005909583374372107
53,mobi,35,pkg,60,0.005780346820809248
34,gz,48,pptx,60,0.005915992900808519
36,rar,26,webm,59,0.005755536045263876
52,epub,39,zip,59,0.005688391824141921
50,xlsx,17,ai,58,0.005690179534974983
32,bz2,31,7z,58,0.005683488486036257
33,deb,46,key,58,0.005695767455563194
27,apk,69,wav,58,0.005690179534974983
71,pcap,20,mov,57,0.005659253375694996
71,pcap,13,heic,57,0.005659253375694996
45,docx,13,heic,57,0.0055420515313563444
3,dng,2,cr2,56,0.0054869684499314125
40,exe,52,epub,56,0.005539618162033831
28,jar,45,docx,56,0.005529771896909253
26,webm,29,msi,56,0.00549558390578999
39,zip,31,7z,56,0.005385133185883258
54,pdf,29,msi,56,0.005488581789669705
54,pdf,3,dng,55,0.005390571400568461
29,msi,40,exe,55,0.00533462657613967
46,key,39,zip,54,0.005318625036934896
30,dmg,17,ai,54,0.00526829268292683
40,exe,17,ai,53,0.005242852903353448
0,jpg,43,dll,53,0.005165692007797271
33,deb,27,apk,53,0.00520475301973878
43,dll,41,mach-o,53,0.00520475301973878
30,dmg,33,deb,53,0.005170731707317073
16,png,35,pkg,53,0.005107941403238242
26,webm,40,exe,52,0.005103042198233563
54,pdf,44,doc,52,0.005096540233264726
40,exe,34,gz,52,0.0051439311504599865
51,djvu,45,docx,52,0.005099539080121605
42,elf,41,mach-o,52,0.004982752012265236
33,deb,47,ppt,51,0.005008347245409015
54,pdf,45,docx,51,0.004998529844163481
27,apk,16,png,51,0.005003433729029726
40,exe,39,zip,50,0.004946087644673063
46,key,29,msi,50,0.004924652811976756
13,heic,52,epub,48,0.004656577415599534
30,dmg,39,zip,48,0.0046829268292682925
36,rar,33,deb,48,0.004682470002926544
17,ai,50,xlsx,47,0.00461010299166258
28,jar,39,zip,47,0.004641058556334551
45,docx,30,dmg,47,0.004569761789013126
47,ppt,30,dmg,47,0.004541501594356943
29,msi,48,pptx,47,0.004558680892337536
33,deb,48,pptx,46,0.004517332809584601
28,jar,52,epub,46,0.004542312629604029
51,djvu,21,mp4,46,0.004511130724722957
39,zip,21,mp4,46,0.004423502259832676
65,flac,52,epub,46,0.0044838678233745976
47,ppt,52,epub,46,0.004444873900859987
44,doc,43,dll,46,0.004478629150034077
51,djvu,52,epub,46,0.004511130724722957
39,zip,16,png,45,0.004327339167227618
16,png,34,gz,45,0.004336931380107941
13,heic,29,msi,45,0.004365541327124563
2,cr2,0,jpg,45,0.00435708752904725
27,apk,68,ogg,45,0.0044147944667909346
44,doc,0,jpg,45,0.004381267646772466
21,mp4,22,3gp,45,0.004433497536945813
26,webm,30,dmg,44,0.0043179587831207065
29,msi,31,7z,44,0.004267701260911736
73,dwg,14,bmp,44,0.004321351404439206
46,key,45,docx,44,0.004333694474539545
46,key,44,doc,44,0.004333694474539545
31,7z,29,msi,44,0.004319654427645789
52,epub,54,pdf,43,0.0041457770921712305
46,key,14,bmp,43,0.00423520141830001
1,arw,0,jpg,43,0.004214033712269698
31,7z,52,epub,43,0.004221480463381111
27,apk,12,tiff,43,0.004218581379378005
53,mobi,17,ai,43,0.004142581888246628
35,pkg,13,heic,42,0.004082822980460776
7,orf,8,pef,42,0.004140786749482402
46,key,34,gz,42,0.004136708362060475
38,xz,29,msi,42,0.004134672179562906
29,msi,51,djvu,41,0.003976721629485936
46,key,36,rar,41,0.004038215305820939
52,epub,31,7z,41,0.003952950250674894
51,djvu,29,msi,40,0.003922722369324311
44,doc,54,pdf,40,0.003894460130464414
54,pdf,46,key,40,0.0039204155640497895
17,ai,37,rpm,40,0.00392349190779794
20,mov,29,msi,39,0.0038224051749485444
47,ppt,37,rpm,39,0.0037684800463812927
0,jpg,44,doc,38,0.003703703703703704
27,apk,43,dll,38,0.0037280486608456784
32,bz2,38,xz,38,0.0037236648701616856
65,flac,7,orf,38,0.0037040647236572764
29,msi,33,deb,38,0.0036857419980601356
35,pkg,48,pptx,38,0.0036939826966073683
30,dmg,25,ogv,38,0.0037073170731707315
39,zip,40,exe,38,0.003654197518992211
39,zip,38,xz,38,0.003654197518992211
38,xz,35,pkg,37,0.0036424493010435125
37,rpm,26,webm,37,0.003596772625644017
42,elf,35,pkg,36,0.0034495975469528554
44,doc,48,pptx,36,0.003505014117417973
32,bz2,25,ogv,36,0.003527682508574228
54,pdf,37,rpm,35,0.003430363618543566
57,txt,20,mov,35,0.0034079844206426485
45,docx,31,7z,35,0.003403014098201264
65,flac,13,heic,34,0.003314163173798616
35,pkg,20,mov,34,0.0033051424127539613
50,xlsx,35,pkg,34,0.0033356224860198176
7,orf,65,flac,34,0.003352065463866706
20,mov,52,epub,34,0.0033323532294423207
29,msi,25,ogv,34,0.003297769156159069
39,zip,51,djvu,34,0.003269545148571978
25,ogv,29,msi,34,0.0033421802811363414
9,raf,11,3fr,34,0.0033000097059108996
30,dmg,47,ppt,33,0.003219512195121951
28,jar,20,mov,33,0.003258615582107238
48,pptx,43,dll,33,0.00320326150262085
54,pdf,33,deb,33,0.003234342840341076
54,pdf,26,webm,32,0.0031363324512398314
37,rpm,46,key,32,0.0031107222708272575
36,rar,54,pdf,32,0.003121646668617696
42,elf,31,7z,32,0.0030663089306247606
41,mach-o,13,heic,31,0.0030784508440913605
16,png,44,doc,31,0.0029876638396299153
65,flac,29,msi,31,0.0030217370114046203
27,apk,67,mp3,31,0.003041302854900422
37,rpm,47,ppt,31,0.003013512199863906
36,rar,48,pptx,31,0.003024095210223393
2,cr2,20,mov,31,0.0030015491866769947
43,dll,47,ppt,31,0.003044289502111362
45,docx,65,flac,31,0.0030140982012639766
45,docx,33,deb,31,0.0030140982012639766
34,gz,46,key,30,0.0029579964504042595
52,epub,48,pptx,30,0.0028924026224450444
9,raf,6,nrw,30,0.002911773269921382
44,doc,49,xls,30,0.0029208450978483107
45,docx,34,gz,30,0.002916869227029655
52,epub,20,mov,30,0.0028924026224450444
17,ai,13,heic,30,0.0029426189308484553
52,epub,30,dmg,30,0.0028924026224450444
35,pkg,25,ogv,30,0.0029163021289005542
16,png,46,key,30,0.0028912875867386275
40,exe,48,pptx,30,0.002967652586803838
35,pkg,16,png,30,0.0029163021289005542
16,png,54,pdf,30,0.0028912875867386275
46,key,20,mov,30,0.0029547916871860533
42,elf,17,ai,29,0.0027788424683786892
9,raf,8,pef,29,0.0028147141609240027
57,txt,17,ai,29,0.0028237585199610516
17,ai,46,key,29,0.0028445316331535066
29,msi,46,key,29,0.002812803103782735
48,pptx,30,dmg,29,0.0028149873810910503
23,avi,33,deb,29,0.0028487229862475443
16,png,45,docx,29,0.00279491133384734
27,apk,25,ogv,29,0.0028450897674874914
23,avi,26,webm,28,0.00275049115913556
34,gz,54,pdf,28,0.0027607966870439754
21,mp4,33,deb,28,0.002758620689655172
38,xz,37,rpm,28,0.002756448119708604
53,mobi,13,heic,28,0.002697495183044316
35,pkg,40,exe,28,0.0027218819869738505
44,doc,35,pkg,28,0.00272612209132509
48,pptx,20,mov,28,0.0027179188507086
53,mobi,29,msi,28,0.002697495183044316
47,ppt,1,arw,28,0.0027055754179147744
39,zip,33,deb,28,0.002692566592941629
5,nef,6,nrw,27,0.0025852163921869014
28,jar,30,dmg,27,0.002666140021724104
71,pcap,34,gz,27,0.002680698967434472
28,jar,13,heic,27,0.002666140021724104
46,key,43,dll,27,0.002659312518467448
16,png,52,epub,27,0.002602158828064765
34,gz,16,png,26,0.0025635969236836916
25,ogv,32,bz2,26,0.0025557849208689668
44,doc,29,msi,26,0.0025313990848018692
21,mp4,29,msi,26,0.0025615763546798028
41,mach-o,20,mov,26,0.0025819265143992055
45,docx,40,exe,26,0.0025279533300923674
71,pcap,35,pkg,26,0.002581413820492454
46,key,3,dng,26,0.002560819462227913
27,apk,13,heic,26,0.0025507701363680956
2,cr2,13,heic,26,0.002517428350116189
36,rar,16,png,25,0.002438786459857575
30,dmg,48,pptx,25,0.0024390243902439024
45,docx,37,rpm,25,0.0024307243558580457
35,pkg,50,xlsx,25,0.002430251774083795
35,pkg,54,pdf,25,0.002430251774083795
17,ai,20,mov,25,0.0024521824423737125
53,mobi,48,pptx,25,0.0024084778420038534
32,bz2,21,mp4,25,0.002449779519843214
38,xz,34,gz,24,0.002362669816893089
48,pptx,3,dng,24,0.0023296447291788003
3,dng,54,pdf,24,0.0023515579071134627
22,3gp,21,mp4,24,0.0023271598952778047
47,ppt,3,dng,24,0.0023190646439269495
39,zip,5,nef,24,0.002307914222521396
52,epub,34,gz,24,0.0023139220979560356
0,jpg,46,key,24,0.0023391812865497076
53,mobi,36,rar,23,0.0022157996146435453
6,nrw,47,ppt,23,0.002199063007935749
2,cr2,5,nef,23,0.002226955848179706
26,webm,33,deb,23,0.0022571148184494603
45,docx,47,ppt,23,0.002236266407389402
10,rw2,44,doc,23,0.002240841777084957
67,mp3,54,pdf,23,0.00222329627839536
32,bz2,40,exe,23,0.002253797158255757
5,nef,2,cr2,23,0.0022022213711221754
2,cr2,47,ppt,23,0.002226955848179706
39,zip,28,jar,23,0.002211751129916338
39,zip,65,flac,23,0.002211751129916338
34,gz,33,deb,23,0.002267797278643266
47,ppt,50,xlsx,23,0.0022224369504299933
34,gz,40,exe,23,0.002267797278643266
26,webm,45,docx,23,0.0022571148184494603
47,ppt,2,cr2,22,0.002125809256933037
73,dwg,43,dll,22,0.002160675702219603
12,tiff,5,nef,22,0.0021713383339913147
17,ai,30,dmg,22,0.0021579205492888672
34,gz,13,heic,22,0.0021691973969631237
30,dmg,21,mp4,22,0.0021463414634146343
42,elf,38,xz,22,0.0021080873898045227
20,mov,37,rpm,22,0.002156228560227384
2,cr2,3,dng,22,0.0021301316808675446
42,elf,29,msi,22,0.0021080873898045227
14,bmp,43,dll,22,0.0021382058509087374
50,xlsx,47,ppt,21,0.00206023741783577
52,epub,47,ppt,21,0.002024681835711531
20,mov,21,mp4,21,0.0020582181711261394
21,mp4,39,zip,21,0.0020689655172413794
65,flac,17,ai,21,0.0020469831367579687
57,txt,13,heic,21,0.002044790652385589
0,jpg,2,cr2,21,0.0020467836257309943
32,bz2,17,ai,21,0.0020578147966682997
42,elf,36,rar,21,0.002012265235722499
45,docx,51,djvu,21,0.0020418084589207586
17,ai,40,exe,21,0.0020598332515939185
26,webm,21,mp4,21,0.0020608439646712462
23,avi,45,docx,21,0.0020628683693516697
6,nrw,5,nef,21,0.0020078401376804667
23,avi,22,3gp,20,0.0019646365422396855
48,pptx,15,gif,20,0.0019413706076490001
13,heic,21,mp4,20,0.0019402405898331393
54,pdf,6,nrw,20,0.0019602077820248948
12,tiff,27,apk,20,0.0019739439399921043
60,html,55,md,19,0.0018682399213372665
67,mp3,47,ppt,19,0.0018366360560657321
39,zip,46,key,19,0.0018270987594961054
30,dmg,12,tiff,19,0.0018536585365853658
29,msi,14,bmp,19,0.0018428709990300678
39,zip,58,tex,19,0.0018270987594961054
17,ai,25,ogv,19,0.0018636586562040215
52,epub,33,deb,19,0.0018318549942151947
37,rpm,12,tiff,19,0.0018469913483036842
44,doc,5,nef,19,0.0018498685619705967
52,epub,44,doc,19,0.0018318549942151947
43,dll,29,msi,19,0.0018658548561327703
52,epub,37,rpm,19,0.0018318549942151947
0,jpg,27,apk,19,0.001851851851851852
33,deb,66,m4a,18,0.0017676519689678876
50,xlsx,39,zip,18,0.001765917786716374
33,deb,65,flac,18,0.0017676519689678876
28,jar,47,ppt,18,0.0017774266811494026
50,xlsx,48,pptx,18,0.001765917786716374
3,dng,48,pptx,18,0.001763668430335097
40,exe,42,elf,18,0.0017805915520823028
47,ppt,25,ogv,18,0.001739298482945212
23,avi,29,msi,18,0.001768172888015717
38,xz,48,pptx,18,0.0017720023626698169
29,msi,38,xz,18,0.0017458777885548012
53,mobi,0,jpg,18,0.0017341040462427746
0,jpg,10,rw2,18,0.0017543859649122807
51,djvu,37,rpm,17,0.0016671570069628323
17,ai,26,webm,17,0.0016674840608141245
45,docx,38,xz,17,0.001652892561983471
16,png,37,rpm,17,0.0016383962991518889
53,mobi,54,pdf,17,0.0016377649325626203
53,mobi,47,ppt,17,0.0016377649325626203
52,epub,27,apk,17,0.0016390281527188584
35,pkg,31,7z,17,0.0016525712063769806
44,doc,46,key,17,0.001655145555447376
0,jpg,5,nef,17,0.0016569200779727095
19,psd,43,dll,17,0.0016796759213516452
5,nef,3,dng,17,0.0016277288395250861
54,pdf,50,xlsx,17,0.0016661766147211604
43,dll,48,pptx,17,0.001669449081803005
25,ogv,35,pkg,17,0.0016710901405681707
27,apk,20,mov,17,0.0016678112430099088
28,jar,40,exe,17,0.0016786807544188801
27,apk,66,m4a,17,0.0016678112430099088
52,epub,40,exe,17,0.0016390281527188584
27,apk,50,xlsx,17,0.0016678112430099088
27,apk,3,dng,16,0.0015697046993034436
55,md,60,html,16,0.0015585427625170465
5,nef,48,pptx,16,0.0015319800842589046
44,doc,34,gz,16,0.0015577840521857657
66,m4a,21,mp4,16,0.0015896671634376552
3,dng,0,jpg,16,0.0015677052714089751
52,epub,26,webm,16,0.0015426147319706903
34,gz,31,7z,16,0.0015775981068822718
41,mach-o,55,md,16,0.0015888778550148957
31,7z,37,rpm,16,0.0015707834282348322
39,zip,3,dng,16,0.0015386094816809308
40,exe,28,jar,16,0.0015827480462953804
45,docx,48,pptx,16,0.0015556635877491491
39,zip,26,webm,16,0.0015386094816809308
0,jpg,3,dng,16,0.0015594541910331384
37,rpm,16,png,15,0.0014581510644502771
38,xz,65,flac,15,0.0014766686355581807
71,pcap,38,xz,15,0.0014892772041302622
48,pptx,37,rpm,15,0.00145602795573675
67,mp3,0,jpg,15,0.0014499758337361043
27,apk,32,bz2,15,0.0014715981555969784
28,jar,54,pdf,15,0.0014811889009578355
46,key,13,heic,15,0.0014773958435930267
16,png,29,msi,15,0.0014456437933693137
22,3gp,36,rar,15,0.001454474934548628
47,ppt,6,nrw,15,0.0014494154024543434
71,pcap,36,rar,15,0.0014892772041302622
19,psd,0,jpg,15,0.0014820669894279222
29,msi,32,bz2,15,0.001454898157129001
46,key,30,dmg,15,0.0014773958435930267
33,deb,21,mp4,15,0.0014730433074732396
43,dll,18,eps,15,0.0014730433074732396
5,nef,44,doc,15,0.001436231328992723
71,pcap,31,7z,15,0.0014892772041302622
35,pkg,65,flac,14,0.0013609409934869253
71,pcap,37,rpm,14,0.0013899920571882446
47,ppt,43,dll,14,0.0013527877089573872
27,apk,42,elf,14,0.001373491611890513
65,flac,45,docx,14,0.0013646554245053124
27,apk,40,exe,14,0.001373491611890513
52,epub,51,djvu,14,0.001349787890474354
32,bz2,39,zip,14,0.0013718765311122
47,ppt,19,psd,14,0.0013527877089573872
52,epub,0,jpg,14,0.001349787890474354
41,mach-o,30,dmg,14,0.0013902681231380337
29,msi,44,doc,14,0.0013579049466537342
31,7z,21,mp4,14,0.0013744354997054782
71,pcap,30,dmg,14,0.0013899920571882446
17,ai,33,deb,14,0.0013732221677292791
21,mp4,45,docx,14,0.001379310344827586
44,doc,17,ai,14,0.001363061045662545
67,mp3,27,apk,13,0.0012566457225712904
2,cr2,6,nrw,13,0.0012587141750580945
25,ogv,30,dmg,13,0.0012778924604344834
2,cr2,44,doc,13,0.0012587141750580945
30,dmg,46,key,13,0.0012682926829268293
52,epub,38,xz,13,0.001253374469726186
38,xz,17,ai,13,0.0012797794841504233
0,jpg,6,nrw,13,0.001267056530214425
32,bz2,35,pkg,13,0.0012738853503184713
29,msi,12,tiff,13,0.0012609117361784676
13,heic,37,rpm,13,0.0012611563833915406
47,ppt,15,gif,13,0.001256160015460431
35,pkg,33,deb,13,0.0012637309225235734
6,nrw,14,bmp,13,0.0012429486566593365
30,dmg,28,jar,13,0.0012682926829268293
43,dll,17,ai,13,0.0012766375331434744
42,elf,40,exe,13,0.001245688003066309
35,pkg,12,tiff,13,0.0012637309225235734
1,arw,20,mov,13,0.0012740101920815366
0,jpg,19,psd,12,0.0011695906432748538
20,mov,43,dll,12,0.0011761246692149367
48,pptx,32,bz2,12,0.0011648223645894002
45,docx,26,webm,12,0.001166747690811862
26,webm,52,epub,12,0.0011776251226692837
57,txt,31,7z,12,0.0011684518013631937
72,ttf,43,dll,12,0.0011715317777994728
48,pptx,2,cr2,12,0.0011648223645894002
2,cr2,31,7z,12,0.0011618900077459333
36,rar,28,jar,12,0.001170617500731636
30,dmg,65,flac,12,0.0011707317073170731
7,orf,9,raf,12,0.0011830819284235432
6,nrw,9,raf,12,0.0011473372215316951
34,gz,51,djvu,12,0.0011831985801617037
24,mkv,25,ogv,12,0.001173479366321142
13,heic,65,flac,12,0.0011641443538998836
53,mobi,34,gz,12,0.0011560693641618498
46,key,33,deb,12,0.0011819166748744214
22,3gp,29,msi,12,0.0011635799476389023
28,jar,50,xlsx,12,0.0011849511207662684
38,xz,21,mp4,12,0.0011813349084465446
10,rw2,47,ppt,12,0.0011691348402182386
71,pcap,51,djvu,11,0.0010921366163621922
3,dng,47,ppt,11,0.0010777973740936705
32,bz2,27,apk,11,0.001077902988731014
50,xlsx,29,msi,11,0.0010791719807711174
71,pcap,40,exe,11,0.0010921366163621922
52,epub,46,key,11,0.0010605476282298497
32,bz2,45,docx,11,0.001077902988731014
38,xz,46,key,11,0.0010828903327426659
27,apk,65,flac,11,0.0010791719807711174
66,m4a,30,dmg,11,0.001092896174863388
27,apk,51,djvu,11,0.0010791719807711174
28,jar,48,pptx,11,0.001086205194035746
28,jar,33,deb,11,0.001086205194035746
27,apk,33,deb,11,0.0010791719807711174
43,dll,27,apk,11,0.0010802317588137092
54,pdf,19,psd,11,0.001078114280113692
33,deb,16,png,11,0.0010802317588137092
31,7z,65,flac,11,0.0010799136069114472
43,dll,30,dmg,11,0.0010802317588137092
34,gz,25,ogv,11,0.0010845986984815619
19,psd,47,ppt,11,0.0010868491255804763
37,rpm,65,flac,11,0.0010693107805968699
54,pdf,2,cr2,11,0.001078114280113692
39,zip,32,bz2,11,0.0010577940186556399
41,mach-o,31,7z,11,0.0010923535253227407
6,nrw,2,cr2,11,0.001051725786404054
52,epub,57,txt,11,0.0010605476282298497
40,exe,65,flac,11,0.001088139281828074
40,exe,44,doc,11,0.001088139281828074
34,gz,65,flac,11,0.0010845986984815619
53,mobi,31,7z,11,0.0010597302504816955
29,msi,50,xlsx,11,0.001066925315227934
46,key,25,ogv,11,0.0010834236186348862
38,xz,47,ppt,11,0.0010828903327426659
48,pptx,25,ogv,11,0.00106775383420695
35,pkg,26,webm,11,0.0010693107805968699
35,pkg,51,djvu,11,0.0010693107805968699
22,3gp,17,ai,11,0.0010666149520023272
55,md,58,tex,10,0.0009740892265731541
48,pptx,50,xlsx,10,0.0009706853038245001
9,raf,0,jpg,10,0.0009705910899737941
48,pptx,65,flac,10,0.0009706853038245001
68,ogg,25,ogv,10,0.000976848686138517
1,arw,43,dll,10,0.0009800078400627205
66,m4a,38,xz,10,0.0009935419771485345
57,txt,40,exe,10,0.0009737098344693282
27,apk,26,webm,10,0.0009810654370646522
57,txt,30,dmg,10,0.0009737098344693282
10,rw2,2,cr2,10,0.0009742790335151987
9,raf,7,orf,10,0.0009705910899737941
9,raf,43,dll,10,0.0009705910899737941
2,cr2,48,pptx,10,0.0009682416731216112
57,txt,55,md,10,0.0009737098344693282
30,dmg,16,png,10,0.000975609756097561
35,pkg,46,key,10,0.000972100709633518
37,rpm,42,elf,10,0.000972100709633518
37,rpm,48,pptx,10,0.000972100709633518
12,tiff,0,jpg,10,0.0009869719699960521
47,ppt,32,bz2,10,0.0009662769349695622
24,mkv,30,dmg,10,0.0009778994719342852
25,ogv,17,ai,10,0.000982994200334218
24,mkv,29,msi,10,0.0009778994719342852
40,exe,16,png,10,0.0009892175289346128
40,exe,21,mp4,10,0.0009892175289346128
7,orf,20,mov,10,0.0009859016070196194
53,mobi,65,flac,10,0.0009633911368015414
42,elf,34,gz,10,0.0009582215408202376
43,dll,16,png,10,0.0009820288716488265
21,mp4,32,bz2,10,0.0009852216748768472
41,mach-o,38,xz,10,0.0009930486593843098
54,pdf,28,jar,10,0.0009801038910124474
54,pdf,18,eps,10,0.0009801038910124474
44,doc,39,zip,10,0.0009736150326161036
1,arw,5,nef,10,0.0009800078400627205
71,pcap,29,msi,10,0.0009928514694201747
68,ogg,66,m4a,10,0.000976848686138517
32,bz2,52,epub,10,0.0009799118079372856
32,bz2,47,ppt,10,0.0009799118079372856
47,ppt,14,bmp,9,0.000869649241472606
31,7z,17,ai,9,0.0008835656783820931
54,pdf,5,nef,9,0.0008820935019112026
21,mp4,24,mkv,9,0.0008866995073891626
6,nrw,54,pdf,9,0.0008605029161487714
5,nef,46,key,9,0.0008617387973956338
5,nef,47,ppt,9,0.0008617387973956338
27,apk,2,cr2,9,0.000882958893358187
65,flac,30,dmg,9,0.0008772784871819866
51,djvu,65,flac,9,0.00088261253309797
44,doc,52,epub,9,0.0008762535293544932
66,m4a,31,7z,9,0.0008941877794336811
34,gz,38,xz,9,0.0008873989351212779
48,pptx,33,deb,9,0.0008736167734420501
27,apk,5,nef,9,0.000882958893358187
23,avi,21,mp4,9,0.0008840864440078585
34,gz,50,xlsx,9,0.0008873989351212779
36,rar,50,xlsx,9,0.000877963125548727
2,cr2,10,rw2,9,0.0008714175058094501
12,tiff,34,gz,9,0.0008882747729964469
19,psd,35,pkg,9,0.0008892401936567533
16,png,30,dmg,9,0.0008673862760215882
16,png,36,rar,9,0.0008673862760215882
37,rpm,54,pdf,9,0.0008748906386701663
38,xz,39,zip,9,0.0008860011813349084
6,nrw,0,jpg,9,0.0008605029161487714
71,pcap,45,docx,9,0.0008935663224781573
32,bz2,33,deb,9,0.000881920627143557
69,wav,27,apk,9,0.0008832188420019627
69,wav,64,aiff,9,0.0008832188420019627
34,gz,26,webm,9,0.0008873989351212779
25,ogv,47,ppt,9,0.0008846947803007962
17,ai,51,djvu,9,0.0008827856792545365
42,elf,47,ppt,9,0.0008623993867382138
42,elf,51,djvu,9,0.0008623993867382138
40,exe,54,pdf,8,0.0007913740231476902
20,mov,65,flac,8,0.0007840831128099579
65,flac,26,webm,8,0.0007798030997173213
29,msi,21,mp4,8,0.0007759456838021338
36,rar,0,jpg,8,0.000780411667154424
50,xlsx,34,gz,8,0.0007848523496517218
50,xlsx,27,apk,8,0.0007848523496517218
7,orf,14,bmp,8,0.0007887212856156955
34,gz,12,tiff,8,0.0007887990534411359
33,deb,54,pdf,8,0.0007856230973190612
73,dwg,29,msi,8,0.000785700255352583
68,ogg,27,apk,8,0.0007814789489108137
32,bz2,46,key,8,0.0007839294463498286
32,bz2,34,gz,8,0.0007839294463498286
30,dmg,50,xlsx,8,0.0007804878048780488
46,key,51,djvu,8,0.0007879444499162809
37,rpm,25,ogv,8,0.0007776805677068144
36,rar,46,key,8,0.000780411667154424
57,txt,58,tex,8,0.0007789678675754625
16,png,50,xlsx,8,0.0007710100231303007
32,bz2,48,pptx,8,0.0007839294463498286
30,dmg,24,mkv,8,0.0007804878048780488
22,3gp,39,zip,8,0.0007757199650926016
17,ai,28,jar,8,0.0007846983815595881
40,exe,46,key,8,0.0007913740231476902
49,xls,47,ppt,8,0.0007870142646335465
43,dll,13,heic,8,0.0007856230973190612
17,ai,32,bz2,8,0.0007846983815595881
51,djvu,32,bz2,8,0.0007845444738648623
46,key,15,gif,8,0.0007879444499162809
2,cr2,51,djvu,8,0.000774593338497289
42,elf,27,apk,8,0.0007665772326561902
55,md,57,txt,8,0.0007792713812585232
42,elf,73,dwg,8,0.0007665772326561902
46,key,50,xlsx,8,0.0007879444499162809
18,eps,14,bmp,8,0.0007737692233291421
60,html,43,dll,8,0.0007866273352999017
17,ai,22,3gp,8,0.0007846983815595881
19,psd,29,msi,8,0.0007904357276948918
42,elf,30,dmg,8,0.0007665772326561902
44,doc,42,elf,8,0.0007788920260928828
39,zip,44,doc,8,0.0007693047408404654
67,mp3,46,key,8,0.0007733204446592557
22,3gp,23,avi,7,0.0006787549694560264
28,jar,0,jpg,7,0.0006912214871136566
43,dll,35,pkg,7,0.0006874202101541786
57,txt,33,deb,7,0.0006815968841285297
29,msi,7,orf,7,0.0006789524733268671
50,xlsx,45,docx,7,0.0006867458059452565
53,mobi,44,doc,7,0.000674373795761079
35,pkg,32,bz2,7,0.0006804704967434626
51,djvu,35,pkg,7,0.0006864764146317545
52,epub,25,ogv,7,0.000674893945237177
53,mobi,39,zip,7,0.000674373795761079
7,orf,39,zip,7,0.0006901311249137336
38,xz,32,bz2,7,0.000689112029927151
23,avi,52,epub,7,0.00068762278978389
57,txt,51,djvu,7,0.0006815968841285297
46,key,26,webm,7,0.0006894513936767458
19,psd,34,gz,7,0.0006916312617330304
10,rw2,5,nef,7,0.0006819953234606392
46,key,10,rw2,7,0.0006894513936767458
39,zip,25,ogv,7,0.0006731416482354072
3,dng,44,doc,7,0.0006858710562414266
48,pptx,73,dwg,7,0.00067947971267715
3,dng,43,dll,7,0.0006858710562414266
67,mp3,48,pptx,7,0.0006766553890768487
47,ppt,33,deb,7,0.0006763938544786936
46,key,2,cr2,7,0.0006894513936767458
25,ogv,48,pptx,7,0.0006880959402339527
10,rw2,54,pdf,7,0.0006819953234606392
29,msi,42,elf,7,0.0006789524733268671
71,pcap,27,apk,7,0.0006949960285941223
68,ogg,29,msi,7,0.000683794080296962
71,pcap,42,elf,6,0.0005957108816521049
1,arw,44,doc,6,0.0005880047040376323
47,ppt,5,nef,6,0.0005797661609817374
48,pptx,13,heic,6,0.0005824111822947001
48,pptx,5,nef,6,0.0005824111822947001
32,bz2,65,flac,6,0.0005879470847623714
9,raf,10,rw2,6,0.0005823546539842764
19,psd,45,docx,6,0.0005928267957711689
19,psd,48,pptx,6,0.0005928267957711689
52,epub,53,mobi,6,0.0005784805244890089
5,nef,54,pdf,6,0.0005744925315970893
8,pef,47,ppt,6,0.0005846243788365975
46,key,5,nef,6,0.0005909583374372107
9,raf,2,cr2,6,0.0005823546539842764
38,xz,28,jar,6,0.0005906674542232723
48,pptx,10,rw2,6,0.0005824111822947001
46,key,37,rpm,6,0.0005909583374372107
49,xls,27,apk,6,0.0005902606984751599
27,apk,24,mkv,6,0.0005886392622387913
8,pef,7,orf,6,0.0005846243788365975
24,mkv,27,apk,6,0.000586739683160571
24,mkv,21,mp4,6,0.000586739683160571
25,ogv,27,apk,6,0.0005897965202005308
21,mp4,17,ai,6,0.0005911330049261083
21,mp4,52,epub,6,0.0005911330049261083
56,rtf,58,tex,6,0.0005820157144242894
5,nef,10,rw2,6,0.0005744925315970893
17,ai,31,7z,6,0.0005885237861696911
45,docx,27,apk,6,0.000583373845405931
66,m4a,36,rar,6,0.0005961251862891207
43,dll,20,mov,6,0.0005892173229892959
28,jar,31,7z,6,0.0005924755603831342
66,m4a,29,msi,6,0.0005961251862891207
7,orf,36,rar,6,0.0005915409642117716
53,mobi,33,deb,6,0.0005780346820809249
28,jar,51,djvu,6,0.0005924755603831342
29,msi,28,jar,6,0.0005819592628516004
29,msi,16,png,6,0.0005819592628516004
28,jar,26,webm,6,0.0005924755603831342
39,zip,12,tiff,6,0.000576978555630349
30,dmg,66,m4a,6,0.0005853658536585366
54,pdf,10,rw2,6,0.0005880623346074683
23,avi,37,rpm,6,0.0005893909626719057
36,rar,32,bz2,6,0.000585308750365818
23,avi,25,ogv,6,0.0005893909626719057
23,avi,17,ai,6,0.0005893909626719057
23,avi,47,ppt,6,0.0005893909626719057
53,mobi,20,mov,6,0.0005780346820809249
44,doc,16,png,6,0.0005841690195696621
39,zip,72,ttf,6,0.000576978555630349
6,nrw,45,docx,6,0.0005736686107658476
54,pdf,65,flac,5,0.0004900519455062237
47,ppt,66,m4a,5,0.0004831384674847811
29,msi,63,csv,5,0.00048496605237633366
5,nef,1,arw,5,0.0004787437763309077
19,psd,2,cr2,5,0.0004940223298093074
59,json,71,pcap,5,0.0004874244492103724
42,elf,72,ttf,5,0.0004791107704101188
59,json,60,html,5,0.0004874244492103724
26,webm,37,rpm,5,0.0004906771344455348
8,pef,44,doc,5,0.00048718698236383125
42,elf,52,epub,5,0.0004791107704101188
36,rar,44,doc,5,0.00048775729197151496
13,heic,17,ai,5,0.00048506014745828483
68,ogg,47,ppt,5,0.0004884243430692585
68,ogg,48,pptx,5,0.0004884243430692585
32,bz2,24,mkv,5,0.0004899559039686428
2,cr2,38,xz,5,0.0004841208365608056
46,key,68,ogg,5,0.0004924652811976756
8,pef,5,nef,5,0.00048718698236383125
8,pef,6,nrw,5,0.00048718698236383125
1,arw,13,heic,5,0.0004900039200313603
46,key,32,bz2,5,0.0004924652811976756
43,dll,46,key,5,0.0004910144358244132
19,psd,54,pdf,5,0.0004940223298093074
63,csv,55,md,5,0.00048609760839976666
22,3gp,66,m4a,5,0.00048482497818287597
37,rpm,50,xlsx,5,0.000486050354816759
67,mp3,3,dng,5,0.0004833252779120348
48,pptx,26,webm,5,0.00048534265191225003
47,ppt,42,elf,5,0.0004831384674847811
37,rpm,21,mp4,5,0.000486050354816759
27,apk,15,gif,5,0.0004905327185323261
29,msi,66,m4a,5,0.00048496605237633366
0,jpg,1,arw,5,0.0004873294346978557
2,cr2,36,rar,5,0.0004841208365608056
1,arw,47,ppt,5,0.0004900039200313603
30,dmg,68,ogg,5,0.0004878048780487805
68,ogg,9,raf,5,0.0004884243430692585
6,nrw,44,doc,5,0.00047805717563820634
53,mobi,30,dmg,5,0.0004816955684007707
35,pkg,38,xz,5,0.000486050354816759
22,3gp,43,dll,5,0.00048482497818287597
66,m4a,40,exe,5,0.0004967709885742673
66,m4a,33,deb,5,0.0004967709885742673
53,mobi,38,xz,5,0.0004816955684007707
21,mp4,43,dll,5,0.0004926108374384236
50,xlsx,52,epub,5,0.0004905327185323261
1,arw,48,pptx,5,0.0004900039200313603
51,djvu,46,key,5,0.0004903402961655388
43,dll,60,html,5,0.0004910144358244132
41,mach-o,72,ttf,5,0.0004965243296921549
53,mobi,26,webm,5,0.0004816955684007707
49,xls,44,doc,5,0.0004918839153959665
35,pkg,66,m4a,5,0.000486050354816759
65,flac,40,exe,5,0.00048737693732332587
27,apk,31,7z,5,0.0004905327185323261
45,docx,46,key,5,0.0004861448711716091
45,docx,50,xlsx,5,0.0004861448711716091
48,pptx,51,djvu,5,0.00048534265191225003
48,pptx,28,jar,5,0.00048534265191225003
39,zip,50,xlsx,5,0.0004808154630252909
29,msi,54,pdf,5,0.00048496605237633366
50,xlsx,12,tiff,5,0.0004905327185323261
41,mach-o,47,ppt,5,0.0004965243296921549
43,dll,32,bz2,5,0.0004910144358244132
42,elf,26,webm,5,0.0004791107704101188
44,doc,10,rw2,5,0.0004868075163080518
65,flac,48,pptx,5,0.00048737693732332587
43,dll,39,zip,5,0.0004910144358244132
40,exe,32,bz2,5,0.0004946087644673064
44,doc,2,cr2,5,0.0004868075163080518
17,ai,38,xz,5,0.0004904364884747426
7,orf,43,dll,5,0.0004929508035098097
73,dwg,65,flac,4,0.0003928501276762915
26,webm,17,ai,4,0.0003925417075564279
38,xz,50,xlsx,4,0.00039377830281551486
8,pef,43,dll,4,0.000389749585891065
7,orf,72,ttf,4,0.00039436064280784776
19,psd,36,rar,4,0.0003952178638474459
20,mov,32,bz2,4,0.00039204155640497893
5,nef,72,ttf,4,0.00038299502106472615
8,pef,10,rw2,4,0.000389749585891065
47,ppt,10,rw2,4,0.0003865107739878249
20,mov,17,ai,4,0.00039204155640497893
47,ppt,49,xls,4,0.0003865107739878249
12,tiff,6,nrw,4,0.00039478878799842083
48,pptx,1,arw,4,0.00038827412152980003
47,ppt,12,tiff,4,0.0003865107739878249
3,dng,5,nef,4,0.0003919263178522438
30,dmg,54,pdf,4,0.0003902439024390244
71,pcap,21,mp4,4,0.0003971405877680699
10,rw2,43,dll,4,0.0003897116134060795
25,ogv,39,zip,4,0.0003931976801336872
74,sqlite,43,dll,4,0.00039035815360593347
73,dwg,27,apk,4,0.0003928501276762915
68,ogg,30,dmg,4,0.00039073947445540685
12,tiff,48,pptx,4,0.00039478878799842083
12,tiff,47,ppt,4,0.00039478878799842083
72,ttf,42,elf,4,0.00039051059259982425
43,dll,54,pdf,4,0.0003928115486595306
57,txt,35,pkg,4,0.00038948393378773126
16,png,32,bz2,4,0.00038550501156515033
37,rpm,41,mach-o,4,0.0003888402838534072
9,raf,48,pptx,4,0.00038823643598951763
62,log,43,dll,4,0.00038517091959557054
38,xz,27,apk,4,0.00039377830281551486
28,jar,65,flac,4,0.00039498370692208945
65,flac,31,7z,4,0.00038990154985866067
48,pptx,31,7z,4,0.00038827412152980003
29,msi,22,3gp,4,0.0003879728419010669
23,avi,35,pkg,4,0.0003929273084479371
23,avi,44,doc,4,0.0003929273084479371
29,msi,68,ogg,4,0.0003879728419010669
48,pptx,68,ogg,4,0.00038827412152980003
48,pptx,12,tiff,4,0.00038827412152980003
25,ogv,24,mkv,4,0.0003931976801336872
42,elf,48,pptx,4,0.0003832886163280951
41,mach-o,57,txt,4,0.00039721946375372393
2,cr2,40,exe,4,0.0003872966692486445
42,elf,45,docx,4,0.0003832886163280951
24,mkv,66,m4a,4,0.00039115978877371407
57,txt,46,key,4,0.00038948393378773126
39,zip,64,aiff,4,0.0003846523704202327
24,mkv,47,ppt,4,0.00039115978877371407
57,txt,38,xz,4,0.00038948393378773126
51,djvu,34,gz,4,0.00039227223693243113
42,elf,37,rpm,4,0.0003832886163280951
41,mach-o,51,djvu,4,0.00039721946375372393
10,rw2,7,orf,4,0.0003897116134060795
17,ai,73,dwg,4,0.00039234919077979404
10,rw2,14,bmp,4,0.0003897116134060795
50,xlsx,16,png,4,0.0003924261748258609
54,pdf,15,gif,4,0.00039204155640497893
45,docx,57,txt,4,0.0003889158969372873
65,flac,47,ppt,4,0.00038990154985866067
25,ogv,50,xlsx,4,0.0003931976801336872
36,rar,2,cr2,4,0.000390205833577212
48,pptx,38,xz,4,0.00038827412152980003
43,dll,73,dwg,4,0.0003928115486595306
43,dll,34,gz,4,0.0003928115486595306
5,nef,8,pef,4,0.00038299502106472615
40,exe,50,xlsx,4,0.0003956870115738451
5,nef,12,tiff,4,0.00038299502106472615
5,nef,19,psd,4,0.00038299502106472615
50,xlsx,36,rar,4,0.0003924261748258609
43,dll,40,exe,4,0.0003928115486595306
44,doc,57,txt,4,0.0003894460130464414
44,doc,45,docx,4,0.0003894460130464414
28,jar,16,png,4,0.00039498370692208945
66,m4a,45,docx,4,0.0003974167908594138
8,pef,9,raf,4,0.000389749585891065
33,deb,28,jar,4,0.0003928115486595306
29,msi,9,raf,4,0.0003879728419010669
51,djvu,25,ogv,4,0.00039227223693243113
28,jar,46,key,4,0.00039498370692208945
32,bz2,66,m4a,4,0.0003919647231749143
22,3gp,47,ppt,4,0.0003878599825463008
21,mp4,37,rpm,4,0.00039408866995073894
21,mp4,42,elf,4,0.00039408866995073894
41,mach-o,40,exe,4,0.00039721946375372393
11,3fr,9,raf,4,0.0003902439024390244
33,deb,57,txt,4,0.0003928115486595306
47,ppt,20,mov,4,0.0003865107739878249
47,ppt,28,jar,4,0.0003865107739878249
47,ppt,22,3gp,3,0.0002898830804908687
15,gif,43,dll,3,0.00029157352512391874
47,ppt,40,exe,3,0.0002898830804908687
48,pptx,19,psd,3,0.00029120559114735004
48,pptx,24,mkv,3,0.00029120559114735004
47,ppt,65,flac,3,0.0002898830804908687
66,m4a,68,ogg,3,0.00029806259314456036
66,m4a,27,apk,3,0.00029806259314456036
34,gz,21,mp4,3,0.00029579964504042593
71,pcap,26,webm,3,0.00029785544082605245
69,wav,42,elf,3,0.0002944062806673209
10,rw2,45,docx,3,0.00029228371005455964
10,rw2,48,pptx,3,0.00029228371005455964
12,tiff,29,msi,3,0.00029609159099881565
12,tiff,35,pkg,3,0.00029609159099881565
11,3fr,6,nrw,3,0.0002926829268292683
11,3fr,43,dll,3,0.0002926829268292683
33,deb,32,bz2,3,0.0002946086614946479
32,bz2,8,pef,3,0.0002939735423811857
2,cr2,7,orf,3,0.0002904725019364833
68,ogg,7,orf,3,0.00029305460584155515
6,nrw,48,pptx,3,0.0002868343053829238
21,mp4,25,ogv,3,0.00029556650246305416
41,mach-o,27,apk,3,0.00029791459781529296
53,mobi,37,rpm,3,0.00028901734104046245
52,epub,9,raf,3,0.00028924026224450445
52,epub,16,png,3,0.00028924026224450445
52,epub,28,jar,3,0.00028924026224450445
17,ai,7,orf,3,0.00029426189308484553
53,mobi,40,exe,3,0.00028901734104046245
5,nef,7,orf,3,0.00028724626579854464
21,mp4,65,flac,3,0.00029556650246305416
5,nef,14,bmp,3,0.00028724626579854464
5,nef,39,zip,3,0.00028724626579854464
54,pdf,21,mp4,3,0.00029403116730373417
54,pdf,25,ogv,3,0.00029403116730373417
23,avi,34,gz,3,0.00029469548133595285
56,rtf,59,json,3,0.0002910078572121447
57,txt,29,msi,3,0.00029211295034079843
39,zip,10,rw2,3,0.0002884892778151745
44,doc,65,flac,3,0.00029208450978483107
10,rw2,8,pef,3,0.00029228371005455964
45,docx,16,png,3,0.0002916869227029655
45,docx,25,ogv,3,0.0002916869227029655
17,ai,57,txt,3,0.00029426189308484553
44,doc,30,dmg,3,0.00029208450978483107
18,eps,43,dll,3,0.00029016345874842826
41,mach-o,52,epub,3,0.00029791459781529296
42,elf,39,zip,3,0.0002874664622460713
53,mobi,15,gif,3,0.00028901734104046245
53,mobi,25,ogv,3,0.00028901734104046245
3,dng,12,tiff,3,0.00029394473838918284
2,cr2,43,dll,3,0.0002904725019364833
2,cr2,45,docx,3,0.0002904725019364833
2,cr2,54,pdf,3,0.0002904725019364833
24,mkv,46,key,3,0.0002933698415802855
24,mkv,48,pptx,3,0.0002933698415802855
24,mkv,68,ogg,3,0.0002933698415802855
24,mkv,32,bz2,3,0.0002933698415802855
24,mkv,39,zip,3,0.0002933698415802855
24,mkv,45,docx,3,0.0002933698415802855
45,docx,44,doc,3,0.0002916869227029655
49,xls,71,pcap,3,0.00029513034923757994
10,rw2,1,arw,3,0.00029228371005455964
10,rw2,6,nrw,3,0.00029228371005455964
26,webm,32,bz2,3,0.0002944062806673209
26,webm,35,pkg,3,0.0002944062806673209
60,html,57,txt,3,0.0002949852507374631
58,tex,55,md,3,0.00029129041654529564
37,rpm,57,txt,3,0.00029163021289005544
37,rpm,74,sqlite,3,0.00029163021289005544
38,xz,16,png,3,0.00029533372711163615
53,mobi,27,apk,3,0.00028901734104046245
52,epub,50,xlsx,3,0.00028924026224450445
8,pef,29,msi,3,0.00029231218941829873
8,pef,36,rar,3,0.00029231218941829873
8,pef,0,jpg,3,0.00029231218941829873
20,mov,34,gz,3,0.00029403116730373417
20,mov,35,pkg,3,0.00029403116730373417
20,mov,39,zip,3,0.00029403116730373417
43,dll,3,dng,3,0.0002946086614946479
19,psd,52,epub,3,0.00029641339788558443
19,psd,72,ttf,3,0.00029641339788558443
46,key,65,flac,3,0.00029547916871860535
63,csv,43,dll,3,0.00029165856503986
27,apk,21,mp4,3,0.00029431963111939565
25,ogv,52,epub,3,0.0002948982601002654
13,heic,32,bz2,3,0.0002910360884749709
46,key,1,arw,3,0.00029547916871860535
65,flac,51,djvu,3,0.00029242616239399553
65,flac,35,pkg,3,0.00029242616239399553
27,apk,38,xz,3,0.00029431963111939565
36,rar,21,mp4,3,0.000292654375182909
36,rar,25,ogv,3,0.000292654375182909
48,pptx,40,exe,3,0.00029120559114735004
49,xls,43,dll,3,0.00029513034923757994
48,pptx,66,m4a,3,0.00029120559114735004
29,msi,73,dwg,3,0.0002909796314258002
29,msi,24,mkv,3,0.0002909796314258002
30,dmg,8,pef,3,0.0002926829268292683
65,flac,68,ogg,3,0.00029242616239399553
66,m4a,0,jpg,3,0.00029806259314456036
66,m4a,24,mkv,3,0.00029806259314456036
66,m4a,26,webm,3,0.00029806259314456036
28,jar,38,xz,3,0.0002962377801915671
43,dll,15,gif,3,0.0002946086614946479
43,dll,31,7z,3,0.0002946086614946479
43,dll,44,doc,3,0.0002946086614946479
43,dll,74,sqlite,3,0.0002946086614946479
44,doc,1,arw,3,0.00029208450978483107
43,dll,50,xlsx,3,0.0002946086614946479
43,dll,51,djvu,3,0.0002946086614946479
7,orf,51,djvu,3,0.0002957704821058858
43,dll,72,ttf,3,0.0002946086614946479
70,wma,43,dll,3,0.00029294014256420274
48,pptx,6,nrw,3,0.00029120559114735004
71,pcap,59,json,3,0.00029785544082605245
71,pcap,60,html,3,0.00029785544082605245
2,cr2,30,dmg,3,0.0002904725019364833
0,jpg,45,docx,3,0.00029239766081871346
0,jpg,32,bz2,3,0.00029239766081871346
71,pcap,52,epub,3,0.00029785544082605245
2,cr2,26,webm,2,0.00019364833462432224
1,arw,42,elf,2,0.0001960015680125441
1,arw,73,dwg,2,0.0001960015680125441
1,arw,36,rar,2,0.0001960015680125441
31,7z,46,key,2,0.00019634792852935403
32,bz2,3,dng,2,0.00019598236158745714
32,bz2,16,png,2,0.00019598236158745714
30,dmg,22,3gp,2,0.0001951219512195122
31,7z,32,bz2,2,0.00019634792852935403
31,7z,35,pkg,2,0.00019634792852935403
33,deb,50,xlsx,2,0.0001964057743297653
12,tiff,1,arw,2,0.00019739439399921041
72,ttf,64,aiff,2,0.00019525529629991212
0,jpg,8,pef,2,0.0001949317738791423
71,pcap,19,psd,2,0.00019857029388403494
69,wav,6,nrw,2,0.00019627085377821394
70,wma,22,3gp,2,0.00019529342837613513
68,ogg,45,docx,2,0.00019536973722770342
44,doc,9,raf,2,0.0001947230065232207
43,dll,63,csv,2,0.0001964057743297653
43,dll,36,rar,2,0.0001964057743297653
43,dll,14,bmp,2,0.0001964057743297653
43,dll,19,psd,2,0.0001964057743297653
43,dll,25,ogv,2,0.0001964057743297653
19,psd,39,zip,2,0.00019760893192372295
42,elf,54,pdf,2,0.00019164430816404754
42,elf,57,txt,2,0.00019164430816404754
8,pef,39,zip,2,0.0001948747929455325
8,pef,42,elf,2,0.0001948747929455325
8,pef,14,bmp,2,0.0001948747929455325
53,mobi,5,nef,2,0.0001926782273603083
53,mobi,16,png,2,0.0001926782273603083
42,elf,44,doc,2,0.00019164430816404754
42,elf,46,key,2,0.00019164430816404754
42,elf,50,xlsx,2,0.00019164430816404754
41,mach-o,73,dwg,2,0.00019860973187686197
42,elf,14,bmp,2,0.00019164430816404754
41,mach-o,46,key,2,0.00019860973187686197
19,psd,8,pef,2,0.00019760893192372295
19,psd,25,ogv,2,0.00019760893192372295
44,doc,37,rpm,2,0.0001947230065232207
44,doc,12,tiff,2,0.0001947230065232207
44,doc,36,rar,2,0.0001947230065232207
52,epub,21,mp4,2,0.0001928268414963363
51,djvu,71,pcap,2,0.00019613611846621556
52,epub,6,nrw,2,0.0001928268414963363
51,djvu,17,ai,2,0.00019613611846621556
53,mobi,57,txt,2,0.0001926782273603083
21,mp4,46,key,2,0.00019704433497536947
41,mach-o,36,rar,2,0.00019860973187686197
41,mach-o,37,rpm,2,0.00019860973187686197
41,mach-o,44,doc,2,0.00019860973187686197
21,mp4,23,avi,2,0.00019704433497536947
41,mach-o,22,3gp,2,0.00019860973187686197
40,exe,71,pcap,2,0.00019784350578692255
40,exe,72,ttf,2,0.00019784350578692255
7,orf,10,rw2,2,0.00019718032140392388
7,orf,13,heic,2,0.00019718032140392388
6,nrw,11,3fr,2,0.00019122287025528253
22,3gp,51,djvu,2,0.0001939299912731504
22,3gp,65,flac,2,0.0001939299912731504
22,3gp,30,dmg,2,0.0001939299912731504
21,mp4,73,dwg,2,0.00019704433497536947
40,exe,25,ogv,2,0.00019784350578692255
21,mp4,47,ppt,2,0.00019704433497536947
21,mp4,48,pptx,2,0.00019704433497536947
4,gpr,47,ppt,2,0.00019694731659281143
54,pdf,12,tiff,2,0.00019602077820248947
3,dng,71,pcap,2,0.0001959631589261219
53,mobi,46,key,2,0.0001926782273603083
53,mobi,51,djvu,2,0.0001926782273603083
50,xlsx,37,rpm,2,0.00019621308741293045
50,xlsx,46,key,2,0.00019621308741293045
17,ai,41,mach-o,2,0.00019617459538989702
16,png,73,dwg,2,0.00019275250578257516
17,ai,9,raf,2,0.00019617459538989702
17,ai,19,psd,2,0.00019617459538989702
45,docx,0,jpg,2,0.00019445794846864364
44,doc,72,ttf,2,0.0001947230065232207
10,rw2,27,apk,2,0.00019485580670303975
39,zip,15,gif,2,0.00019232618521011636
23,avi,42,elf,2,0.00019646365422396856
23,avi,32,bz2,2,0.00019646365422396856
57,txt,22,3gp,2,0.00019474196689386563
54,pdf,43,dll,2,0.00019602077820248947
54,pdf,53,mobi,2,0.00019602077820248947
54,pdf,32,bz2,2,0.00019602077820248947
59,json,48,pptx,2,0.00019496977968414895
57,txt,48,pptx,2,0.00019474196689386563
57,txt,34,gz,2,0.00019474196689386563
25,ogv,22,3gp,2,0.0001965988400668436
23,avi,7,orf,2,0.00019646365422396856
24,mkv,34,gz,2,0.00019557989438685703
23,avi,65,flac,2,0.00019646365422396856
24,mkv,4,gpr,2,0.00019557989438685703
24,mkv,17,ai,2,0.00019557989438685703
3,dng,8,pef,2,0.0001959631589261219
3,dng,13,heic,2,0.0001959631589261219
38,xz,54,pdf,2,0.00019688915140775743
37,rpm,32,bz2,2,0.0001944201419267036
25,ogv,65,flac,2,0.0001965988400668436
26,webm,23,avi,2,0.00019627085377821394
60,html,58,tex,2,0.00019665683382497542
60,html,63,csv,2,0.00019665683382497542
9,raf,73,dwg,2,0.00019411821799475881
9,raf,42,elf,2,0.00019411821799475881
49,xls,73,dwg,2,0.00019675356615838662
16,png,33,deb,2,0.00019275250578257516
46,key,6,nrw,2,0.00019698611247907023
46,key,12,tiff,2,0.00019698611247907023
17,ai,44,doc,2,0.00019617459538989702
45,docx,54,pdf,2,0.00019445794846864364
14,bmp,47,ppt,2,0.0001943823500826125
14,bmp,73,dwg,2,0.0001943823500826125
14,bmp,11,3fr,2,0.0001943823500826125
63,csv,60,html,2,0.00019443904335990667
25,ogv,43,dll,2,0.0001965988400668436
25,ogv,46,key,2,0.0001965988400668436
37,rpm,15,gif,2,0.0001944201419267036
25,ogv,36,rar,2,0.0001965988400668436
36,rar,57,txt,2,0.000195102916788606
27,apk,19,psd,2,0.00019621308741293045
27,apk,23,avi,2,0.00019621308741293045
3,dng,46,key,2,0.0001959631589261219
62,log,57,txt,2,0.00019258545979778527
63,csv,48,pptx,2,0.00019443904335990667
3,dng,27,apk,2,0.0001959631589261219
3,dng,41,mach-o,2,0.0001959631589261219
3,dng,6,nrw,2,0.0001959631589261219
14,bmp,12,tiff,2,0.0001943823500826125
46,key,40,exe,2,0.00019698611247907023
46,key,42,elf,2,0.00019698611247907023
16,png,71,pcap,2,0.00019275250578257516
46,key,19,psd,2,0.00019698611247907023
46,key,22,3gp,2,0.00019698611247907023
46,key,24,mkv,2,0.00019698611247907023
46,key,28,jar,2,0.00019698611247907023
49,xls,42,elf,2,0.00019675356615838662
48,pptx,71,pcap,2,0.00019413706076490002
49,xls,22,3gp,2,0.00019675356615838662
48,pptx,42,elf,2,0.00019413706076490002
26,webm,65,flac,2,0.00019627085377821394
27,apk,7,orf,2,0.00019621308741293045
36,rar,42,elf,2,0.000195102916788606
26,webm,39,zip,2,0.00019627085377821394
36,rar,3,dng,2,0.000195102916788606
65,flac,41,mach-o,2,0.00019495077492933034
65,flac,42,elf,2,0.00019495077492933034
65,flac,43,dll,2,0.00019495077492933034
65,flac,0,jpg,2,0.00019495077492933034
65,flac,20,mov,2,0.00019495077492933034
65,flac,21,mp4,2,0.00019495077492933034
65,flac,25,ogv,2,0.00019495077492933034
63,csv,59,json,2,0.00019443904335990667
66,m4a,32,bz2,2,0.0001987083954297069
28,jar,42,elf,2,0.00019749185346104473
28,jar,44,doc,2,0.00019749185346104473
29,msi,5,nef,2,0.00019398642095053346
26,webm,48,pptx,2,0.00019627085377821394
32,bz2,68,ogg,2,0.00019598236158745714
33,deb,12,tiff,2,0.0001964057743297653
29,msi,71,pcap,2,0.00019398642095053346
29,msi,57,txt,2,0.00019398642095053346
34,gz,24,mkv,2,0.00019719976336028398
34,gz,32,bz2,2,0.00019719976336028398
34,gz,44,doc,2,0.00019719976336028398
30,dmg,41,mach-o,2,0.0001951219512195122
67,mp3,43,dll,2,0.00019333011116481392
67,mp3,44,doc,2,0.00019333011116481392
66,m4a,67,mp3,2,0.0001987083954297069
67,mp3,2,cr2,2,0.00019333011116481392
48,pptx,21,mp4,2,0.00019413706076490002
48,pptx,22,3gp,2,0.00019413706076490002
47,ppt,68,ogg,2,0.00019325538699391245
47,ppt,71,pcap,2,0.00019325538699391245
47,ppt,26,webm,2,0.00019325538699391245
47,ppt,8,pef,2,0.00019325538699391245
47,ppt,13,heic,2,0.00019325538699391245
46,key,67,mp3,2,0.00019698611247907023
2,cr2,8,pef,2,0.00019364833462432224
68,ogg,32,bz2,2,0.00019536973722770342
72,ttf,4,gpr,2,0.00019525529629991212
73,dwg,24,mkv,2,0.00019642506383814575
73,dwg,26,webm,2,0.00019642506383814575
73,dwg,36,rar,2,0.00019642506383814575
0,jpg,29,msi,2,0.0001949317738791423
0,jpg,71,pcap,2,0.0001949317738791423
1,arw,10,rw2,2,0.0001960015680125441
0,jpg,13,heic,2,0.0001949317738791423
1,arw,17,ai,2,0.0001960015680125441
1,arw,31,7z,2,0.0001960015680125441
74,sqlite,53,mobi,1,9.758953840148337e-05
1,arw,3,dng,1,9.800078400627205e-05
1,arw,14,bmp,1,9.800078400627205e-05
1,arw,29,msi,1,9.800078400627205e-05
71,pcap,28,jar,1,9.928514694201747e-05
71,pcap,46,key,1,9.928514694201747e-05
71,pcap,47,ppt,1,9.928514694201747e-05
71,pcap,54,pdf,1,9.928514694201747e-05
71,pcap,66,m4a,1,9.928514694201747e-05
71,pcap,72,ttf,1,9.928514694201747e-05
71,pcap,73,dwg,1,9.928514694201747e-05
72,ttf,11,3fr,1,9.762764814995606e-05
72,ttf,21,mp4,1,9.762764814995606e-05
72,ttf,41,mach-o,1,9.762764814995606e-05
72,ttf,44,doc,1,9.762764814995606e-05
72,ttf,48,pptx,1,9.762764814995606e-05
32,bz2,37,rpm,1,9.799118079372857e-05
68,ogg,42,elf,1,9.768486861385171e-05
68,ogg,51,djvu,1,9.768486861385171e-05
68,ogg,54,pdf,1,9.768486861385171e-05
68,ogg,67,mp3,1,9.768486861385171e-05
68,ogg,71,pcap,1,9.768486861385171e-05
69,wav,3,dng,1,9.813542688910697e-05
69,wav,9,raf,1,9.813542688910697e-05
70,wma,21,mp4,1,9.764671418806757e-05
70,wma,47,ppt,1,9.764671418806757e-05
70,wma,57,txt,1,9.764671418806757e-05
71,pcap,3,dng,1,9.928514694201747e-05
71,pcap,14,bmp,1,9.928514694201747e-05
72,ttf,63,csv,1,9.762764814995606e-05
72,ttf,69,wav,1,9.762764814995606e-05
30,dmg,7,orf,1,9.75609756097561e-05
33,deb,24,mkv,1,9.820288716488265e-05
33,deb,42,elf,1,9.820288716488265e-05
33,deb,73,dwg,1,9.820288716488265e-05
34,gz,2,cr2,1,9.859988168014199e-05
34,gz,5,nef,1,9.859988168014199e-05
34,gz,8,pef,1,9.859988168014199e-05
31,7z,34,gz,1,9.817396426467701e-05
29,msi,49,xls,1,9.699321047526673e-05
29,msi,56,rtf,1,9.699321047526673e-05
29,msi,59,json,1,9.699321047526673e-05
29,msi,67,mp3,1,9.699321047526673e-05
30,dmg,0,jpg,1,9.75609756097561e-05
30,dmg,2,cr2,1,9.75609756097561e-05
30,dmg,3,dng,1,9.75609756097561e-05
30,dmg,5,nef,1,9.75609756097561e-05
67,mp3,21,mp4,1,9.666505558240696e-05
67,mp3,30,dmg,1,9.666505558240696e-05
67,mp3,66,m4a,1,9.666505558240696e-05
68,ogg,4,gpr,1,9.768486861385171e-05
30,dmg,42,elf,1,9.75609756097561e-05
30,dmg,57,txt,1,9.75609756097561e-05
34,gz,22,3gp,1,9.859988168014199e-05
34,gz,57,txt,1,9.859988168014199e-05
28,jar,43,dll,1,9.874592673052236e-05
65,flac,54,pdf,1,9.747538746466517e-05
65,flac,66,m4a,1,9.747538746466517e-05
66,m4a,22,3gp,1,9.935419771485345e-05
66,m4a,47,ppt,1,9.935419771485345e-05
66,m4a,48,pptx,1,9.935419771485345e-05
66,m4a,52,epub,1,9.935419771485345e-05
66,m4a,65,flac,1,9.935419771485345e-05
16,png,12,tiff,1,9.637625289128758e-05
16,png,15,gif,1,9.637625289128758e-05
16,png,22,3gp,1,9.637625289128758e-05
16,png,25,ogv,1,9.637625289128758e-05
16,png,42,elf,1,9.637625289128758e-05
16,png,43,dll,1,9.637625289128758e-05
16,png,65,flac,1,9.637625289128758e-05
49,xls,51,djvu,1,9.837678307919331e-05
15,gif,34,gz,1,9.719117504130625e-05
45,docx,43,dll,1,9.722897423432182e-05
45,docx,72,ttf,1,9.722897423432182e-05
46,key,4,gpr,1,9.849305623953512e-05
46,key,8,pef,1,9.849305623953512e-05
15,gif,47,ppt,1,9.719117504130625e-05
15,gif,53,mobi,1,9.719117504130625e-05
15,gif,73,dwg,1,9.719117504130625e-05
13,heic,35,pkg,1,9.701202949165696e-05
13,heic,46,key,1,9.701202949165696e-05
13,heic,57,txt,1,9.701202949165696e-05
14,bmp,48,pptx,1,9.719117504130625e-05
14,bmp,57,txt,1,9.719117504130625e-05
15,gif,17,ai,1,9.719117504130625e-05
15,gif,22,3gp,1,9.719117504130625e-05
15,gif,27,apk,1,9.719117504130625e-05
49,xls,31,7z,1,9.837678307919331e-05
49,xls,41,mach-o,1,9.837678307919331e-05
49,xls,46,key,1,9.837678307919331e-05
16,png,66,m4a,1,9.637625289128758e-05
16,png,68,ogg,1,9.637625289128758e-05
46,key,38,xz,1,9.849305623953512e-05
46,key,66,m4a,1,9.849305623953512e-05
13,heic,22,3gp,1,9.701202949165696e-05
17,ai,12,tiff,1,9.808729769494851e-05
17,ai,24,mkv,1,9.808729769494851e-05
17,ai,42,elf,1,9.808729769494851e-05
17,ai,43,dll,1,9.808729769494851e-05
50,xlsx,28,jar,1,9.810654370646523e-05
50,xlsx,33,deb,1,9.810654370646523e-05
50,xlsx,66,m4a,1,9.810654370646523e-05
51,djvu,2,cr2,1,9.806805923310778e-05
44,doc,63,csv,1,9.736150326161036e-05
44,doc,71,pcap,1,9.736150326161036e-05
44,doc,73,dwg,1,9.736150326161036e-05
45,docx,21,mp4,1,9.722897423432182e-05
45,docx,22,3gp,1,9.722897423432182e-05
45,docx,23,avi,1,9.722897423432182e-05
45,docx,28,jar,1,9.722897423432182e-05
17,ai,3,dng,1,9.808729769494851e-05
9,raf,5,nef,1,9.705910899737941e-05
9,raf,44,doc,1,9.705910899737941e-05
9,raf,46,key,1,9.705910899737941e-05
9,raf,53,mobi,1,9.705910899737941e-05
9,raf,66,m4a,1,9.705910899737941e-05
10,rw2,9,raf,1,9.742790335151988e-05
50,xlsx,25,ogv,1,9.810654370646523e-05
44,doc,50,xlsx,1,9.736150326161036e-05
49,xls,66,m4a,1,9.837678307919331e-05
49,xls,68,ogg,1,9.837678307919331e-05
50,xlsx,4,gpr,1,9.810654370646523e-05
8,pef,52,epub,1,9.743739647276625e-05
8,pef,54,pdf,1,9.743739647276625e-05
8,pef,65,flac,1,9.743739647276625e-05
8,pef,66,m4a,1,9.743739647276625e-05
9,raf,3,dng,1,9.705910899737941e-05
43,dll,64,aiff,1,9.820288716488265e-05
43,dll,66,m4a,1,9.820288716488265e-05
44,doc,6,nrw,1,9.736150326161036e-05
44,doc,8,pef,1,9.736150326161036e-05
7,orf,38,xz,1,9.859016070196194e-05
7,orf,42,elf,1,9.859016070196194e-05
7,orf,44,doc,1,9.859016070196194e-05
7,orf,47,ppt,1,9.859016070196194e-05
19,psd,6,nrw,1,9.880446596186147e-05
19,psd,10,rw2,1,9.880446596186147e-05
19,psd,13,heic,1,9.880446596186147e-05
19,psd,18,eps,1,9.880446596186147e-05
19,psd,26,webm,1,9.880446596186147e-05
19,psd,27,apk,1,9.880446596186147e-05
43,dll,45,docx,1,9.820288716488265e-05
43,dll,59,json,1,9.820288716488265e-05
44,doc,25,ogv,1,9.736150326161036e-05
44,doc,40,exe,1,9.736150326161036e-05
17,ai,64,aiff,1,9.808729769494851e-05
17,ai,66,m4a,1,9.808729769494851e-05
18,eps,3,dng,1,9.672115291614276e-05
18,eps,13,heic,1,9.672115291614276e-05
18,eps,54,pdf,1,9.672115291614276e-05
19,psd,5,nef,1,9.880446596186147e-05
51,djvu,7,orf,1,9.806805923310778e-05
51,djvu,23,avi,1,9.806805923310778e-05
51,djvu,39,zip,1,9.806805923310778e-05
52,epub,5,nef,1,9.641342074816814e-05
52,epub,12,tiff,1,9.641342074816814e-05
52,epub,22,3gp,1,9.641342074816814e-05
44,doc,14,bmp,1,9.736150326161036e-05
44,doc,23,avi,1,9.736150326161036e-05
41,mach-o,65,flac,1,9.930486593843098e-05
41,mach-o,66,m4a,1,9.930486593843098e-05
41,mach-o,68,ogg,1,9.930486593843098e-05
41,mach-o,71,pcap,1,9.930486593843098e-05
42,elf,16,png,1,9.582215408202377e-05
42,elf,21,mp4,1,9.582215408202377e-05
42,elf,25,ogv,1,9.582215408202377e-05
42,elf,33,deb,1,9.582215408202377e-05
20,mov,16,png,1,9.801038910124473e-05
20,mov,19,psd,1,9.801038910124473e-05
20,mov,23,avi,1,9.801038910124473e-05
43,dll,6,nrw,1,9.820288716488265e-05
43,dll,11,3fr,1,9.820288716488265e-05
41,mach-o,53,mobi,1,9.930486593843098e-05
41,mach-o,54,pdf,1,9.930486593843098e-05
41,mach-o,60,html,1,9.930486593843098e-05
52,epub,43,dll,1,9.641342074816814e-05
42,elf,55,md,1,9.582215408202377e-05
42,elf,58,tex,1,9.582215408202377e-05
42,elf,66,m4a,1,9.582215408202377e-05
42,elf,71,pcap,1,9.582215408202377e-05
19,psd,50,xlsx,1,9.880446596186147e-05
19,psd,65,flac,1,9.880446596186147e-05
20,mov,12,tiff,1,9.801038910124473e-05
7,orf,48,pptx,1,9.859016070196194e-05
7,orf,57,txt,1,9.859016070196194e-05
7,orf,71,pcap,1,9.859016070196194e-05
8,pef,17,ai,1,9.743739647276625e-05
8,pef,21,mp4,1,9.743739647276625e-05
8,pef,23,avi,1,9.743739647276625e-05
8,pef,35,pkg,1,9.743739647276625e-05
8,pef,45,docx,1,9.743739647276625e-05
20,mov,54,pdf,1,9.801038910124473e-05
20,mov,71,pcap,1,9.801038910124473e-05
41,mach-o,39,zip,1,9.930486593843098e-05
41,mach-o,45,docx,1,9.930486593843098e-05
7,orf,21,mp4,1,9.859016070196194e-05
7,orf,26,webm,1,9.859016070196194e-05
7,orf,27,apk,1,9.859016070196194e-05
53,mobi,73,dwg,1,9.633911368015414e-05
41,mach-o,2,cr2,1,9.930486593843098e-05
41,mach-o,9,raf,1,9.930486593843098e-05
41,mach-o,14,bmp,1,9.930486593843098e-05
41,mach-o,16,png,1,9.930486593843098e-05
41,mach-o,21,mp4,1,9.930486593843098e-05
41,mach-o,26,webm,1,9.930486593843098e-05
20,mov,46,key,1,9.801038910124473e-05
20,mov,47,ppt,1,9.801038910124473e-05
6,nrw,42,elf,1,9.561143512764126e-05
6,nrw,43,dll,1,9.561143512764126e-05
6,nrw,46,key,1,9.561143512764126e-05
7,orf,1,arw,1,9.859016070196194e-05
7,orf,5,nef,1,9.859016070196194e-05
7,orf,11,3fr,1,9.859016070196194e-05
40,exe,57,txt,1,9.892175289346128e-05
40,exe,66,m4a,1,9.892175289346128e-05
42,elf,49,xls,1,9.582215408202377e-05
53,mobi,3,dng,1,9.633911368015414e-05
53,mobi,9,raf,1,9.633911368015414e-05
53,mobi,22,3gp,1,9.633911368015414e-05
5,nef,51,djvu,1,9.574875526618154e-05
6,nrw,10,rw2,1,9.561143512764126e-05
6,nrw,19,psd,1,9.561143512764126e-05
6,nrw,29,msi,1,9.561143512764126e-05
22,3gp,52,epub,1,9.69649956365752e-05
5,nef,16,png,1,9.574875526618154e-05
5,nef,18,eps,1,9.574875526618154e-05
5,nef,27,apk,1,9.574875526618154e-05
5,nef,43,dll,1,9.574875526618154e-05
54,pdf,24,mkv,1,9.801038910124473e-05
54,pdf,42,elf,1,9.801038910124473e-05
54,pdf,63,csv,1,9.801038910124473e-05
22,3gp,25,ogv,1,9.69649956365752e-05
22,3gp,27,apk,1,9.69649956365752e-05
22,3gp,32,bz2,1,9.69649956365752e-05
22,3gp,33,deb,1,9.69649956365752e-05
22,3gp,34,gz,1,9.69649956365752e-05
22,3gp,35,pkg,1,9.69649956365752e-05
22,3gp,41,mach-o,1,9.69649956365752e-05
22,3gp,42,elf,1,9.69649956365752e-05
5,nef,11,3fr,1,9.574875526618154e-05
40,exe,14,bmp,1,9.892175289346128e-05
40,exe,24,mkv,1,9.892175289346128e-05
21,mp4,50,xlsx,1,9.852216748768474e-05
21,mp4,54,pdf,1,9.852216748768474e-05
21,mp4,67,mp3,1,9.852216748768474e-05
21,mp4,68,ogg,1,9.852216748768474e-05
22,3gp,13,heic,1,9.69649956365752e-05
54,pdf,4,gpr,1,9.801038910124473e-05
3,dng,53,mobi,1,9.798157946306095e-05
3,dng,61,xml,1,9.798157946306095e-05
4,gpr,0,jpg,1,9.847365829640571e-05
4,gpr,15,gif,1,9.847365829640571e-05
4,gpr,19,psd,1,9.847365829640571e-05
4,gpr,43,dll,1,9.847365829640571e-05
4,gpr,50,xlsx,1,9.847365829640571e-05
24,mkv,43,dll,1,9.778994719342852e-05
24,mkv,51,djvu,1,9.778994719342852e-05
24,mkv,73,dwg,1,9.778994719342852e-05
25,ogv,2,cr2,1,9.82994200334218e-05
25,ogv,13,heic,1,9.82994200334218e-05
25,ogv,21,mp4,1,9.82994200334218e-05
22,3gp,67,mp3,1,9.69649956365752e-05
23,avi,5,nef,1,9.823182711198428e-05
39,zip,68,ogg,1,9.616309260505818e-05
39,zip,69,wav,1,9.616309260505818e-05
39,zip,74,sqlite,1,9.616309260505818e-05
40,exe,12,tiff,1,9.892175289346128e-05
39,zip,8,pef,1,9.616309260505818e-05
23,avi,68,ogg,1,9.823182711198428e-05
24,mkv,35,pkg,1,9.778994719342852e-05
24,mkv,36,rar,1,9.778994719342852e-05
23,avi,27,apk,1,9.823182711198428e-05
23,avi,39,zip,1,9.823182711198428e-05
39,zip,9,raf,1,9.616309260505818e-05
39,zip,22,3gp,1,9.616309260505818e-05
39,zip,24,mkv,1,9.616309260505818e-05
39,zip,43,dll,1,9.616309260505818e-05
39,zip,63,csv,1,9.616309260505818e-05
39,zip,67,mp3,1,9.616309260505818e-05
54,pdf,67,mp3,1,9.801038910124473e-05
55,md,42,elf,1,9.74089226573154e-05
55,md,63,csv,1,9.74089226573154e-05
56,rtf,19,psd,1,9.700261907071492e-05
56,rtf,44,doc,1,9.700261907071492e-05
56,rtf,54,pdf,1,9.700261907071492e-05
23,avi,16,png,1,9.823182711198428e-05
23,avi,24,mkv,1,9.823182711198428e-05
38,xz,44,doc,1,9.844457570387872e-05
38,xz,57,txt,1,9.844457570387872e-05
38,xz,66,m4a,1,9.844457570387872e-05
39,zip,2,cr2,1,9.616309260505818e-05
39,zip,6,nrw,1,9.616309260505818e-05
2,cr2,42,elf,1,9.682416731216112e-05
2,cr2,46,key,1,9.682416731216112e-05
2,cr2,67,mp3,1,9.682416731216112e-05
25,ogv,66,m4a,1,9.82994200334218e-05
26,webm,24,mkv,1,9.813542688910697e-05
26,webm,34,gz,1,9.813542688910697e-05
37,rpm,44,doc,1,9.72100709633518e-05
37,rpm,60,html,1,9.72100709633518e-05
37,rpm,66,m4a,1,9.72100709633518e-05
38,xz,2,cr2,1,9.844457570387872e-05
38,xz,23,avi,1,9.844457570387872e-05
58,tex,18,eps,1,9.709680551509856e-05
59,json,12,tiff,1,9.748488984207447e-05
59,json,58,tex,1,9.748488984207447e-05
60,html,29,msi,1,9.832841691248771e-05
60,html,59,json,1,9.832841691248771e-05
60,html,71,pcap,1,9.832841691248771e-05
61,xml,60,html,1,0.00010005002501250626
62,log,55,md,1,9.629272989889263e-05
57,txt,37,rpm,1,9.737098344693281e-05
57,txt,39,zip,1,9.737098344693281e-05
57,txt,44,doc,1,9.737098344693281e-05
57,txt,47,ppt,1,9.737098344693281e-05
57,txt,50,xlsx,1,9.737098344693281e-05
57,txt,60,html,1,9.737098344693281e-05
57,txt,63,csv,1,9.737098344693281e-05
57,txt,65,flac,1,9.737098344693281e-05
64,aiff,5,nef,1,9.735202492211838e-05
64,aiff,6,nrw,1,9.735202492211838e-05
64,aiff,40,exe,1,9.735202492211838e-05
64,aiff,72,ttf,1,9.735202492211838e-05
65,flac,2,cr2,1,9.747538746466517e-05
65,flac,5,nef,1,9.747538746466517e-05
65,flac,22,3gp,1,9.747538746466517e-05
65,flac,23,avi,1,9.747538746466517e-05
37,rpm,8,pef,1,9.72100709633518e-05
37,rpm,19,psd,1,9.72100709633518e-05
37,rpm,23,avi,1,9.72100709633518e-05
37,rpm,24,mkv,1,9.72100709633518e-05
25,ogv,37,rpm,1,9.82994200334218e-05
25,ogv,42,elf,1,9.82994200334218e-05
63,csv,56,rtf,1,9.721952167995334e-05
63,csv,57,txt,1,9.721952167995334e-05
62,log,56,rtf,1,9.629272989889263e-05
63,csv,17,ai,1,9.721952167995334e-05
27,apk,8,pef,1,9.810654370646523e-05
27,apk,10,rw2,1,9.810654370646523e-05
27,apk,14,bmp,1,9.810654370646523e-05
36,rar,43,dll,1,9.7551458394303e-05
37,rpm,2,cr2,1,9.72100709633518e-05
37,rpm,7,orf,1,9.72100709633518e-05
3,dng,1,arw,1,9.798157946306095e-05
3,dng,7,orf,1,9.798157946306095e-05
3,dng,11,3fr,1,9.798157946306095e-05
3,dng,14,bmp,1,9.798157946306095e-05
3,dng,19,psd,1,9.798157946306095e-05
3,dng,32,bz2,1,9.798157946306095e-05
3,dng,36,rar,1,9.798157946306095e-05
3,dng,42,elf,1,9.798157946306095e-05
29,msi,8,pef,1,9.699321047526673e-05
29,msi,19,psd,1,9.699321047526673e-05
35,pkg,7,orf,1,9.72100709633518e-05
35,pkg,8,pef,1,9.72100709633518e-05
35,pkg,44,doc,1,9.72100709633518e-05
35,pkg,57,txt,1,9.72100709633518e-05
28,jar,25,ogv,1,9.874592673052236e-05
28,jar,32,bz2,1,9.874592673052236e-05
36,rar,41,mach-o,1,9.7551458394303e-05
26,webm,57,txt,1,9.813542688910697e-05
26,webm,71,pcap,1,9.813542688910697e-05
26,webm,73,dwg,1,9.813542688910697e-05
30,dmg,15,gif,1,9.75609756097561e-05
28,jar,72,ttf,1,9.874592673052236e-05
29,msi,1,arw,1,9.699321047526673e-05
29,msi,2,cr2,1,9.699321047526673e-05
27,apk,60,html,1,9.810654370646523e-05
27,apk,71,pcap,1,9.810654370646523e-05
27,apk,72,ttf,1,9.810654370646523e-05
35,pkg,68,ogg,1,9.72100709633518e-05
35,pkg,72,ttf,1,9.72100709633518e-05
36,rar,8,pef,1,9.7551458394303e-05
36,rar,9,raf,1,9.7551458394303e-05
36,rar,15,gif,1,9.7551458394303e-05
65,flac,27,apk,1,9.747538746466517e-05
65,flac,32,bz2,1,9.747538746466517e-05
65,flac,34,gz,1,9.747538746466517e-05
65,flac,37,rpm,1,9.747538746466517e-05
65,flac,44,doc,1,9.747538746466517e-05
65,flac,50,xlsx,1,9.747538746466517e-05
28,jar,57,txt,1,9.874592673052236e-05
27,apk,41,mach-o,1,9.810654370646523e-05
0,jpg,34,gz,1,9.746588693957115e-05
73,dwg,45,docx,1,9.821253191907288e-05
73,dwg,46,key,1,9.821253191907288e-05
0,jpg,17,ai,1,9.746588693957115e-05
73,dwg,68,ogg,1,9.821253191907288e-05
0,jpg,14,bmp,1,9.746588693957115e-05
74,sqlite,47,ppt,1,9.758953840148337e-05
72,ttf,74,sqlite,1,9.762764814995606e-05
73,dwg,21,mp4,1,9.821253191907288e-05
0,jpg,67,mp3,1,9.746588693957115e-05
0,jpg,52,epub,1,9.746588693957115e-05
0,jpg,42,elf,1,9.746588693957115e-05
0,jpg,41,mach-o,1,9.746588693957115e-05
0,jpg,35,pkg,1,9.746588693957115e-05
73,dwg,39,zip,1,9.821253191907288e-05
73,dwg,40,exe,1,9.821253191907288e-05
2,cr2,9,raf,1,9.682416731216112e-05
2,cr2,17,ai,1,9.682416731216112e-05
2,cr2,23,avi,1,9.682416731216112e-05
2,cr2,27,apk,1,9.682416731216112e-05
2,cr2,33,deb,1,9.682416731216112e-05
2,cr2,35,pkg,1,9.682416731216112e-05
2,cr2,39,zip,1,9.682416731216112e-05
68,ogg,39,zip,1,9.768486861385171e-05
31,7z,39,zip,1,9.817396426467701e-05
32,bz2,7,orf,1,9.799118079372857e-05
32,bz2,22,3gp,1,9.799118079372857e-05
68,ogg,24,mkv,1,9.768486861385171e-05
1,arw,38,xz,1,9.800078400627205e-05
1,arw,40,exe,1,9.800078400627205e-05
1,arw,46,key,1,9.800078400627205e-05
1,arw,72,ttf,1,9.800078400627205e-05
47,ppt,67,mp3,1,9.662769349695623e-05
47,ppt,72,ttf,1,9.662769349695623e-05
47,ppt,73,dwg,1,9.662769349695623e-05
48,pptx,23,avi,1,9.706853038245001e-05
48,pptx,64,aiff,1,9.706853038245001e-05
48,pptx,67,mp3,1,9.706853038245001e-05
49,xls,21,mp4,1,9.837678307919331e-05
49,xls,24,mkv,1,9.837678307919331e-05
46,key,71,pcap,1,9.849305623953512e-05
46,key,73,dwg,1,9.849305623953512e-05
47,ppt,4,gpr,1,9.662769349695623e-05
47,ppt,7,orf,1,9.662769349695623e-05
47,ppt,9,raf,1,9.662769349695623e-05
47,ppt,23,avi,1,9.662769349695623e-05
47,ppt,41,mach-o,1,9.662769349695623e-05
47,ppt,51,djvu,1,9.662769349695623e-05
12,tiff,17,ai,1,9.869719699960521e-05
12,tiff,19,psd,1,9.869719699960521e-05
12,tiff,30,dmg,1,9.869719699960521e-05
12,tiff,43,dll,1,9.869719699960521e-05
12,tiff,46,key,1,9.869719699960521e-05
12,tiff,50,xlsx,1,9.869719699960521e-05
12,tiff,54,pdf,1,9.869719699960521e-05
12,tiff,71,pcap,1,9.869719699960521e-05
73,dwg,5,nef,1,9.821253191907288e-05
73,dwg,8,pef,1,9.821253191907288e-05
73,dwg,17,ai,1,9.821253191907288e-05
48,pptx,4,gpr,1,9.706853038245001e-05
10,rw2,29,msi,1,9.742790335151988e-05
10,rw2,39,zip,1,9.742790335151988e-05
10,rw2,72,ttf,1,9.742790335151988e-05
12,tiff,10,rw2,1,9.869719699960521e-05
